食材名,エネルギー(kcal),エネルギー(kJ),水分,たんぱく質,脂質,炭水化物,灰分,ナトリウム,カリウム,カルシウム,マグネシウム,リン,鉄,亜鉛,銅,マンガン,レチノール,α-カロテン,β-カロテン,クリプトキサンチン,β-カロテン当量,レチノール当量,D,α-トコフェロール,β-トコフェロール,γ-トコフェロール,δ-トコフェロール,K1,B1,B2,ナイアシン,B6,B12,葉酸,パントテン酸,C(Trと-を0にリプレイス)
あわ,364,1523,12.5,10.5,2.7,73.1,1.2,1,280,14,110,280,4.8,2.7,0.45,0.89,0,-,-,-,0,0,0,0.6,0,2.2,0,0,0.20,0.07,1.7,0.18,0,29,1.84,0
えんばく,380,1590,10.0,13.7,5.7,69.1,1.5,3,260,47,100,370,3.9,2.1,0.28,-,0,-,-,-,0,0,0,0.6,0.1,0,0,0,0.20,0.08,1.1,0.11,0,30,1.29,0
おおむぎ,341,1427,14.0,10.9,2.1,72.1,0.9,2,220,23	,46,180,1.3,1.4,0.32,0.85,0,-,-,-,0,0,0,0.2,Tr,0.1,0,0,0.22,0.07,3.2,0.14,0,17,0.43,0
きび,356,1490,14.0,10.6,1.7,73.1,0.6,2,170,9,84,160,2.1,2.7,0.38,-,0,-,-,-,0,0,0,Tr,Tr,0.5,0.3,0,0.15,0.05,2.0,0.20,0,13,0.94,0
こむぎ,337,1410,12.5,10.6,3.1,72.2,1.6,2,470,26,80,350,3.2,2.6,0.35,3.90,0,-,-,-,0,0,0,1.2,0.6,0,0,0,0.41,0.09,6.3,0.35,0,38,1.03,0
薄力粉,368,1540,14.0,8.0,1.7,75.9,0.4,2,120,23,12,70,0.6,0.3,0.09,0.50,0,-,-,-,0,0,0,0.3,0.2,0,0,0,0.13,0.04,0.7,0.03,0,9,0.53,0 
中力粉,368,1540,14.0,9.0,1.8,74.8,0.4,2,100,20,18,74,0.6,0.5,0.11,0.50,0,-,-,-,0,0,0,0.3,0.2,0,0,0,0.12,0.04,0.7,0.05,0,8,0.47,0 
強力粉,366,1531,14.5,11.7,1.8,71.6,0.4,2,80,20,23,75,1.0,0.8,0.15,0.38,0,-,-,-,0,0,0,0.3,0.2,0,0,0,0.10,0.05,0.9,0.07,0,15,0.77,0
プレミックス粉,366,1531,11.1,7.6,4.2,74.4,2.1,390,240,100,12,180,0.5,0.3,0.07,0.36	8,Tr,1,3,3,9,0.1,0.3,0.1,0.1,Tr,1,0.11,0.09,0.6,0.04,0.1,10,0.48,Tr
パン,264,1105,38.0,9.3,4.4,46.7,1.6,500,97,29,20,83,0.6,0.8,0.11,0.24,0,0,2,0,2,Tr,0,0.5,0.1,0.7,Tr,0,0.07,0.04,1.2,0.03,Tr,32,0.47,0 
うどん,270,1130,33.5,6.1,0.6,56.8,3.0,1000,90,18,13,49,0.3,0.3,0.08,0.39,0,0,0,0,0,0,0,0.2,0.2,0,0,0,0.09,0.03,0.6,0.03,0,5,0.36,0
そうめん,356,1490,12.5,9.5,1.1,72.7,4.2,1500120,17,22,70,0.6,0.4,0.12,0.44,0,0,0,0,0,0,0,0.3,0.2,0,0,0,0.08,0.02,0.9,0.03,0,8,0.70,0 
ひやむぎ,356,1490,12.5,9.5,1.1,72.7,4.2,1500120,17,22,70,0.6,0.4,0.12,0.44,0,0,0,0,0,0,0,0.3,0.2,0,0,0,0.08,0.02,0.9,0.03,0,8,0.70,0
中華麺,281,1176,33.0,8.6,1.2,55.7,1.5,410,350,21,13,60,0.5,0.4,0.09,0.35,0,0,0,0,0,0,0,0.2,0.1,0,0,0,0.02,0.02,0.6,0.02,0,8,0.55,0
沖縄そば,284,1188,32.3,9.2,2.0,54.2,2.3,810,340,11,50,65,0.7,1.1,0.18,0.69,0,	-,-,-,0,0,0,0.3,0.2,0,0,0,0.02,0.04,0.8,0.11,0,15,0.63,0 
マカロニ,378,1582,12.0,13.0,2.2,72.2,0.6,2,200,18,55,130,1.4,1.5,0.28,-,0,-,-,-,9,1,0,0.3	,0.2,0,0,0,0.19,0.06,2.3,0.11,0,13,0.65,0 
スパゲッティ,149,623,65.0,5.2,0.9,28.4,0.5,170,12,7,18,46,0.6,0.6,0.12,-,0,-,-,-,0,0,0,0.1,0.1,0,0,0,0.05,0.03,0.5,0.02,0,4,0.25,0 
しゅうまいの皮,291,1218,32.0,9.3,1.4,57.0,0.3,2,64,16,18,60,0.8,0.6,0.12,0.28,0,-,-,-,0,0,	0,0.2,0.2,0,0,0,0.08,0.04,0.7,0.06,0,12,0.61,0
ピザクラスト,268,1121,35.3,9.1,3.0,51.1,1.5,510,91,13,22,77,0.8,0.6,0.09,0.50,0,0,0,0,0,0,0,0.3,0.2,0.4,0.2,0,0.15,0.11,1.0,0.05,0,20,0.54,0
パン粉,280,1172,35.0,11.0,5.1,47.6,1.3,350,110,25,29,97,1.1,0.7,0.15,0.47,0,0,3,0,3,Tr,0,0.3,0.2,0.4,0.3,(Tr),0.11,0.02,1.2,0.05,0,40,0.41,0 
玄米,350,1464,15.5,6.8,2.7,73.8,1.2,1,230,9,110,290,2.1,1.8,0.27,2.05,0,0,1,0,1,Tr,0,1.2,0.1,0.1,0,0,0.41,0.04,6.3,0.45,0,27,1.36,0
白米,350,1464,15.5,6.8,2.7,73.8,1.2,1,230,9,110,290,2.1,1.8,0.27,2.05,0,0,1,0,1,Tr,0,1.2,0.1,0.1,0,0,0.41,0.04,6.3,0.45,0,27,1.36,0
ビーフン,377,1577,11.1,7.0,1.6,79.9,0.4,2,33,14,13,59,0.7,0.6,0.06,0.33,0,-,-,-,0,0,0,0,0,0,0,0,0.06,0.02,0.6,0,0,4,0.09,0 
もち,235,983,44.5,4.2,0.8,50.3,0.2,2,66,7,16,78,0.2,1.4,0.22,0.81,0,0,0,0,0,0,0,0.1,Tr,0,0,0,0.05,0.02,0.5,0.04,0,7,0.57,0
赤飯,189,791,53.0,3.9,0.4,42.4,0.3,1,79,7,14,54,0.4,0.8,0.13,0.38,0,0,Tr,0,Tr,0,0,Tr,Tr,0.3,0.6,1,0.05,0.02,0.2,0.02,0,9,0.30,0 
そば,274,1146,33.0,9.8,1.9,54.5,0.8,1,160,18,65,170,1.4,1.0,0.21,0.86,0,-,-,-,0,0,0,0.2,0.1,1.9,0.1,0,0.19,0.09,3.4,0.15,0,19,1.09,0 
とうもろこし,350,1464,14.5,8.6,5.0,70.6,1.3,3,290,5,75,270,1.9,1.7,0.18,-,0,11,99,100,150,13,0,1.0,0.1,3.9,0.1,0,0.30,0.10,2.0,0.39,0,28,0.57,0 
はとむぎ,360,1506,13.0,13.3,1.3,72.2,0.2,1,85,6,12,20,0.4,0.4,0.11,0.81,0,-,-,-,0,0,0,0,0,0.1,0,0,0.02,0.05,0.5,0.07,0,16,0.16,0
ひえ,367,1536,13.1,9.7,3.7,72.4,1.1,3,240,7,95,280,1.6,2.7,0.30,1.37,0,-,-,-,0,0,0,0.1,0,1.2,0,0,0.05,0.03,2.0,0.17,0,14,1.50,0 
ライ麦,334,1397,12.5,12.7,2.7,70.7,1.4,1,400,31,100,290,3.5,3.5,0.44,2.15,0,-,-,-,0,0,0,1.0,0.3,0,0,0,0.47,0.20,1.7,0.22,0,65,0.87,0
きくいも,35,146,81.2,1.9,0.2,15.1,1.6	2,630,13,13,55,0.2,0.3,0.16,0.05,0,-,-,-,0,0,0,0.1,Tr,0,0,0,0.07,0.05,1.7,0.05,0,7,0.41,12
さつまいも,132,552,66.1,1.2,0.2,31.5,1.0,4,470,40,25,46,0.7,0.2,0.18,0.44,0,0,23,0,23,2,0,1.6,Tr,Tr,0,0,0.11,0.03,0.8,0.28,0,49,0.96,29
さといも,58,243,84.1,1.5,0.1,13.1,1.2,Tr,640,10,19,55,0.5,0.3,0.15,0.19,0,0,5,0,5,Tr,0,0.6,0,0,0,0,0.07,0.02,1.0,0.15,0,30,0.48,6
みずいも,117,490,70.5,0.7,0.4,27.6,0.8,6,290,46,23,35,1.0,0.2,0.05,0.56,0,-,-,-,9,1,0,0.6	,0,0,0,0,0.16,0.02,0.6,0.21,0,27,0.20,7
じゃがいも,76,318,79.8,1.6,0.1,17.6,0.9,1,410,3,20,40,0.4,0.2,0.10,0.11,0,Tr,Tr,-,Tr,0,0,Tr,0,0,0,Tr,0.09,0.03,1.3,0.18,0,21,0.47,35
やまいも,108,452,71.1,4.5,0.5,22.6,1.3,5,590,12,19,65,0.6,0.4,0.20,0.05,0,-,-,-,5,Tr,0,0.3,0,0,0,0,0.15,0.05,0.4,0.11,0,13,0.85,7
ながいも,65,272,82.6,2.2,0.3,13.9,1.0,3,430,17,17,27,0.4,0.3,0.10,0.03,0,	-,-,-,Tr,0,0,0.2,0,0,0,0,0.10,0.02,0.4,0.09,0,8,0.61,6
やまといも,123,515,66.7,4.5,0.2,27.1,1.5,12,590,16,28,72,0.5,0.6,0.16,0.27,0,Tr,6,-,6,1,0,0.2,0.1,Tr,Tr,0,0.13,0.02,0.5,0.14,0,6,0.54,5
じねんじょ,121,506,68.8,2.8,0.7,26.7,1.0,6,550,10,21,31,0.8,0.7,0.21,0.12,0,-,-,-,5,Tr,0,4.1,0,0,0,0,0.11,0.04,0.6,0.18,0,29,0.67,15
だいじょ,109,456,71.2,2.6,0.1,25.0,1.1,20,490,14,18,57,0.7,0.3,0.24,0.03,0,0,3,0,3,Tr,0,0.4,0,0,0,0,0.10,0.02,0.4,0.28,0,24,0.45,17
片栗粉,346,1448,14.2,0.1,0.2,85.3,0.2,1,48,28,5,6,0.3,Tr,0.03,0.09,0,-,-,-,0,0,0,-,-,-,-,0,0,0,0,0,0,0,0,0
でんぷん,366,1531,9.7,0.2,0.7,89.3,0.1,11,2,29,8,20,1.5,0.1,0.06,-,0,-,-,-,0,0,0,	-,-,-,-,0,0,0,0,0,0,0,0,0
くずきり,356,1490,11.8,0.2,0.2,87.7,0.1,4,3,19,4,18,1.4,0.1,0.03,0.05,0,-,-,-,0,0,0,-	,-,-,-,0,0,0,0,0,0,0,0,0 
タピオカ,351,1469,12.8,0.1,0.2,86.7,0.2,3,11,29,3,8,0.8,0.1,0.02,0.12,0,-	,-,-,0,0,0,-,-,-,-,0,0,0,0,0,0,0,0,0
はるさめ,345,1443,14.6,0.2,0.4,84.6,0.2,11,31,23,7,16,0.9,0.1,0.02,0.03,0,-,-,-,0,0,0,-,-,-,-	,0,0,0,0,0,0,0,0,0
黒砂糖,354,1481,5.0,1.7,Tr,89.7,3.6,27,1100,240,31,31,4.7,0.5,0.24,-,0,-,-,-,0,0,0,0,0,0,0,0,0.05,0.07,0.8,0.72,0,10,1.38,0
和三盆,383,1602,0.5,0.2,Tr,98.8,0.5,1,140,27,17,13,0.7,0.2,0.07,0.30,0,-,-,-,0,0,0,0,0,0,0,0,0.01,0.03,Tr,0.08,0,2,0.37,0 
白糖,384,1607,0.8,0,0,99.2,0,1,2,1,Tr,Tr,Tr,0,0.01,-,0,-,-,-,0,0,0,0,0,0,0,0,0,0,0,0,0,0,0,0
砂糖,384,1607,0.8,0,0,99.2,0,1,2,1,Tr,Tr,Tr,0,0.01,-,0,-,-,-,0,0,0,0,0,0,0,0,0,0,0,0,0,0,0,0
グラニュー糖,384,1607,0.8,0,0,99.2,0,1,2,1,Tr,Tr,Tr,0,0.01,-,0,-,-,-,0,0,0,0,0,0,0,0,0,0,0,0,0,0,0,0
角砂糖,387,1619,Tr,0,0,100.0,0,Tr,Tr,Tr,0,0,0.1,0,0.01,-,0,-,-,-,0,0,0,0,0,0,0,0,0,0,0,0,0,0,0,0 
コーヒーシュガー,387,1619,Tr,0.1,0,99.9,0,2,Tr,1,Tr,Tr,0.2,1.2,0.01,-,0,-,-,-,0,0,0,0,0,0,0,0,0,0,0,0,0,0,0,0
水あめ,328,1372,15.0,0,0,85.0,0,Tr,Tr,Tr,0,1,0.1,0,Tr,0,0,-,-,-,0,0,0,0,0,0,0,0,0,0,0,0,0,0,0,0 
水飴,328,1372,15.0,0,0,85.0,0,Tr,Tr,Tr,0,1,0.1,0,Tr,0,0,-,-,-,0,0,0,0,0,0,0,0,0,0,0,0,0,0,0,0 
ブドウ糖,335,1402,9.0,0,0,91.0,0,Tr,Tr,Tr,0,1,0.1,0,Tr,0,0,-,-,-,0,0,0,0,0,0,0,0,0,0,0,0,0,0,0,0
果糖,368,1540,0.1,0,0,99.9,0,Tr,Tr,Tr,Tr,0,Tr,0,Tr,0,0,-,-,-,0,0,0,0,0,0,0,0,0,0,0,0,0,0,0,0 
はちみつ,294,1230,20.0,0.2,0,79.7,0.1,7,13,2,1,4,0.8,0.3,0.04,-,0,-,-,-,0,0,0,0,0,0,0,0,0.01,0.01,0.2,-,0,1,0.05,3
メープルシロップ,257,1075,33.0,0.1,0,66.3,0.6,1,230,75,18,1,0.4,1.5,0.01,2.01,0,-,-,-,0,0,0,0,0,0,0,0,Tr,0.02,Tr,Tr,0,1,0.13,0
あずき,339,1418,15.5,20.3,2.2,58.7,3.3,1,1500,75,120,350,5.4,2.3,0.67,-,0,-,-,-,7,1,0,0.1,0.2,3.0,10.7,8,0.45,0.16,2.2,0.39,0,130,1.00,Tr
いんげん豆,333,1393,16.5,19.9,2.2,57.8,3.6,1,1500,130,150,400,6.0,2.5,0.75,0.54,0,-,-,-,12,1,0,0.1,0,2.0,0.1,8,0.50,0.20,2.0,0.36,0,85,0.63,Tr
えんどう豆,352,1473,13.4,21.7,2.3,60.4,2.2,1,870,65,120,360,5.0,4.1,0.49,-,0,0,89,6,92,8,0,0.1,0,6.7,0.2,16,0.72,0.15,2.5,0.29,0,24,1.74,Tr
ささげ,336,1406,15.5,23.9,2.0,55.0,3.6,1,1400,75,170,400,5.6,4.9,0.71,-,0,0,18,1,19,2,0,Tr,0,6.2,9.7,14,0.50,0.10,2.5,0.24,0,300,1.30,Tr
そら豆,348,1456,13.3,26.0,2.0,55.9,2.8,1,1100,100,120,440,5.7,4.6,1.20,-,0,0,5,0,5,Tr,0,0.7,0,5.0,0.1,13,0.50,0.20,2.5,0.41,0,260,0.48,Tr
だいず,417,1745,12.5,35.3,19.0,28.2,5.0,1,1900,240,220,580,9.4,3.2,0.98,1.90,0,0,6,0,6,1,0,1.8,0.7,14.4,8.2,18,0.83,0.30,2.2,0.53,0,230,1.52,Tr
大豆,417,1745,12.5,35.3,19.0,28.2,5.0,1,1900,240,220,580,9.4,3.2,0.98,1.90,0,0,6,0,6,1,0,1.8,0.7,14.4,8.2,18,0.83,0.30,2.2,0.53,0,230,1.52,Tr
ぶどう豆,289,1209,36.0,14.1,9.4,37.0,3.5,620,330,80,60,200,4.2,1.1,0.39,-,0,-,-,-,0,0,0,2.4,1.4,6.3,4.2,10,0.09,0.05,0.4,0.07,0,48,0.28,Tr
枝豆,289,1209,36.0,14.1,9.4,37.0,3.5,620,330,80,60,200,4.2,1.1,0.39,-,0,-,-,-,0,0,0,2.4,1.4,6.3,4.2,10,0.09,0.05,0.4,0.07,0,48,0.28,Tr
えだまめ,289,1209,36.0,14.1,9.4,37.0,3.5,620,330,80,60,200,4.2,1.1,0.39,-,0,-,-,-,0,0,0,2.4,1.4,6.3,4.2,10,0.09,0.05,0.4,0.07,0,48,0.28,Tr
豆腐,72,301,86.8,6.6,4.2,1.6,0.8,13,140,120,31,110,0.9,0.6,0.15,0.38,0,-,-,-,0,0,0,0.2,0.1,3.1,1.3,13,0.07,0.03,0.1,0.05,0,12,0.02,Tr
油揚げ,386,1615,44.0,18.6,33.1,2.5,1.8,10,55,300,130,230,4.2,2.4,0.21,1.41,0,-,-,-,0,0,0,1.5,0.2,10.1,3.7,68,0.06,0.03,0.1,0.07,0,19,0.06,Tr
がんもどき,228,954,63.5,15.3,17.8,1.6,1.8,190,80,270,98,200,3.6,1.6,0.22,1.30,0,-,-,-,0,0,0,1.5,0.2,8.1,2.5,43,0.03,0.04,0.2,0.08,0,21,0.20,Tr
納豆,200,837,59.5,16.5,10.0,12.1,1.9,2,660,90,100,190,3.3,1.9,0.61,-,0,-,-,-,0,0,0,0.5,0.2,5.9,3.3,600,0.07,0.56,1.1,0.24,Tr,120,3.60,Tr
おから,89,372,81.1,4.8,3.6,9.7,0.8,4,230,100,37,65,1.2,0.6,0.17,-,0,-,-,-,0,0,0,0.3,0.1,2.1,1.0,6,0.11,0.04,0.3,0.04,0,12,0.16,Tr
豆乳,64,268,87.9,3.2,3.6,4.8,0.5,50,170,31,19,44,1.2,0.4,0.12,-,0,-,-,-,0,0,0,2.2,0.1,3.1,0.5,6,0.07,0.02,0.2,0.05,0,31,0.24,Tr
大豆たんぱく,360,1506,7.8,46.3,3.0,36.7,6.2,3,2400,270,290,730,7.7,4.5,1.41,2.61,0,0,0,0,0,0,0,0,0,0.5,0.3,1,0.67,0.30,2.2,0.64,0,370,1.89,Tr
湯葉,231,967,59.1,21.8,13.7,4.1,1.3,4,290,90,80,250,3.6,2.2,0.70,-,0,-,-,-,10,1,0,0.9,0.1,4.0,0.3,22,0.17,0.09,0.3,0.13,0,25,0.34,Tr
味噌,256,1071,34.3,6.9,3.2,50.0,5.6,2000,190,33,54,130,1.7,0.7,0.16,0.96,0,-,-,-,0,0,0,0,0,0.9,0.2,3,0.12,0.18,2.3,0.10,0,34,0.74,Tr
みそ,256,1071,34.3,6.9,3.2,50.0,5.6,2000,190,33,54,130,1.7,0.7,0.16,0.96,0,-,-,-,0,0,0,0,0,0.9,0.2,3,0.12,0.18,2.3,0.10,0,34,0.74,Tr
たけあずき,346,1448,12.3,20.3,1.6,61.8,4.0,1,1400,290,230,340,12.5,3.0,0.74,2.70,0,1,21,-,22,2,0,0.1,0.1,4.9,8.1,28,0.46,0.14,1.7,0.25,0,180,0.35,Tr
ひよこまめ,374,1565,10.4,20.0,5.2,61.5,2.9,17,1200,100,140,270,2.6,3.2,0.84,-,0,0,17,3,19,2,0,2.5,0.1,7.7,0.6,9,0.37,0.15,1.5,0.64,0,350,1.77,Tr
べにばないんげん,332,1389,15.4,17.2,1.7,61.2,4.5,1,1700,78,190,430,5.4,3.4,0.74,1.50,0,-,-,-,4,Tr,0,0.1,0.1,3.2,0.2,8,0.67,0.15,2.5,0.51,0,140,0.81,Tr
らいまめ,349,1460,11.9,22.9,1.8,59.6,3.8,Tr,1900,75,170,200,6.1,5.5,0.75,-,0,	-,-,-,Tr,0,0,0.1,0,4.4,0.4,6,0.48,0.18,1.9,0.41,0,130,1.26,Tr
りょくとう,354,1481,10.8,25.1,1.5,59.1,3.5,0,1300,100,150,320,5.9,4.0,0.91,-,0,0,150,2,150,13,0,0.3,0,6.4,0.6,16,0.70,0.22,2.1,0.52,0,460,1.66,Tr
緑豆,354,1481,10.8,25.1,1.5,59.1,3.5,0,1300,100,150,320,5.9,4.0,0.91,-,0,0,150,2,150,13,0,0.3,0,6.4,0.6,16,0.70,0.22,2.1,0.52,0,460,1.66,Tr
レンズ豆,353,1477,11.4,23.2,1.3,61.3,2.8,Tr,1000,58,100,440,9.4,5.1,0.96,1.69,0,0,27,1,28,2,0,0.8	,0.1,5.2,Tr,14,0.55,0.17,2.5,0.54,0,59,1.77,Tr
アーモンド,598,2502,4.6,18.6,54.2,19.7,2.9,4,770,230,310,500,4.7,4.0,1.35,2.63,0,-,-,-,8,1,0,31.0,0.4,0.7,0,Tr,0.24,0.92,3.5,0.10,0,63,0.66,0	
えごま,544,2276,5.6,17.7,43.4,29.4,3.9,2,590,390,230,550,16.4,3.8,1.93,3.09,0,-,-,-,16,1,0,1.3,0.3,23.6,0.5,1,0.54,0.29,7.6,0.55,0,59,1.65,Tr
カシューナッツ,576,2410,3.2,19.8,47.6,26.7,2.7,220,590,38,240,490,4.8,5.4,1.89,-,0,-,-,-,10,1,0,0.6,Tr,5.4,0.6,28,0.54,0.18,0.9,0.36,0,63,1.32,0
カボチャ,576,2410,3.2,19.8,47.6,26.7,2.7,220,590,38,240,490,4.8,5.4,1.89,-,0,	-,-,-,10,1,0,0.6,Tr,5.4,0.6,28,0.54,0.18,0.9,0.36,0,63,1.32,0
かぼちゃ,576,2410,3.2,19.8,47.6,26.7,2.7,220,590,38,240,490,4.8,5.4,1.89,-,0,	-,-,-,10,1,0,0.6,Tr,5.4,0.6,28,0.54,0.18,0.9,0.36,0,63,1.32,0
銀杏,187,782,53.6,4.7,1.7,38.5,1.5,1,700,5,53,120,1.0,0.4,0.27,0.29,0,-,-,-,290,24,0,2.8,0.1,0.7,0,3,0.28,0.08,1.2,0.08,0,49,1.38,23
ぎんなん,187,782,53.6,4.7,1.7,38.5,1.5,1,700,5,53,120,1.0,0.4,0.27,0.29,0,-,-,-,290,24,0,2.8,0.1,0.7,0,3,0.28,0.08,1.2,0.08,0,49,1.38,23
栗,164,686,58.8,2.8,0.5,36.9,1.0,1,420,23,40,70,0.8,0.5,0.32,3.27,0,26,24,0,37,3,0,0,0,3.0,0,1,0.21,0.07,1.0,0.27,0,74,1.04,33
くり,164,686,58.8,2.8,0.5,36.9,1.0,1,420,23,40,70,0.8,0.5,0.32,3.27,0,26,24,0,37,3,0,0,0,3.0,0,1,0.21,0.07,1.0,0.27,0,74,1.04,33
くるみ,674,2820,3.1,14.6,68.8,11.7,1.8,4,540,85,150,280,2.6,2.6,1.21,3.44,0,-,-,-,23,2,0,1.2,0.1,23.6,2.6,7,0.26,0.15,1.0,0.49,0,91,0.67,0
ココナッツ,668,2795,2.5,6.1,65.8,23.7,1.9,10,820,15,110,140,2.8,1.4,0.80,1.41,0,-,-,-,0,0,0,0,0,0,0,0,0.03,0.03,1.0,0.09,0,10,0.25,0	
ごま,599,2506,1.6,20.3,54.2,18.5,5.4,2,410,1200,360,560,9.9,5.9,1.68,2.52,0,-,-,-,17,1,0,0.1,0.2,23.4,0.4,12,0.49,0.23,5.3,0.64,0,150,0.51,Tr
しい,252,1054,37.3,3.2,0.8,57.6,1.1,1,390,62,82,76,0.9,0.1,0.36,2.72,0,-,-,-,7,1,0,0.1,0,8.7,0.1,16,0.28,0.09,1.3,0.19,0,8,0.59,110	
すいか,546,2284,5.9,29.6,46.4,13.4,4.7,580,640,70,410,620,5.3,3.9,1.49,1.43,0,-,-,-,16,1,0,0.6,0.1,19.5,0.6,1,0.10,0.16,0.8,0.71,0,120,1.04,Tr
ピスタチオ,615,2573,2.2,17.4,56.1,20.9,3.4,270,970,120,120,440,3.0,2.5,1.15,-,0,0	,120,0,120,10,0,1.4,Tr,25.5,0.6,29,0.43,0.24,1.0,1.22,0,59,1.06,0 
ひまわり,611,2556,2.6,20.1,56.3,17.2,3.8,250,750,81,390,830,3.6,5.0,1.81,2.33,0,Tr,9,-,9,1,0,12.0	,1.5,0.4,0.1,0,1.72,0.25,6.7,1.18,0,280,1.66,0
ヘーゼルナッツ,684,2862,1.0,13.6,69.3,13.9,2.2,35,610,130,160,320,3.0,2.0,1.64,5.24,0,-,-,-,Tr,0,0,17.8,0.7,9.4,0.4,4,0.26,0.28,1.0,0.39,0,54,1.07,0
マカダミアナッツ,720,3012,1.3,8.3,76.7,12.2,1.5,190,300,47,94,140,1.3,0.7,0.33,-,0,-,-,-,Tr,0,0,Tr,0,0,0,5,0.21,0.09,2.1,0.21,0,16,0.50,0
落花生,592,2477,2.4,25.5,51.3,18.2,2.6,120,760,50,190,380,2.0,3.1,0.64,2.81,0,-,-,-,6,1,0,1.9,0.2,3.3,0.4,1,0.20,0.10,17.0,0.48,0,98,2.42,0
ピーナッツ,592,2477,2.4,25.5,51.3,18.2,2.6,120,760,50,190,380,2.0,3.1,0.64,2.81,0,-,-,-,6,1,0,1.9,0.2,3.3,0.4,1,0.20,0.10,17.0,0.48,0,98,2.42,0
アーティチョーク,48,201,85.1,2.3,0.2,11.3,1.1,21,430,52,50,61,0.8,0.2,0.05,0.19,0,0,6,0,6,1,0,0.4,0,0,0,2,0.08,0.10,1.2,0.08,0,81,0.51,15
あさつき,33,138,89.0,4.2,0.3,5.6,0.9,4,330,20,16,86,0.7,0.8,0.09,0.40,0,0	,740,12,750,62,0,0.9,Tr,1.6,0,50,0.15,0.16,0.8,0.36,0,210,0.62,26
あしたば,33,138,88.6,3.3,0.1,6.7,1.3,60,540,65,26,65,1.0,0.6,0.16,1.05,0,0,5300,0,5300,440,0,2.6,0.2,1.4,0.1,500,0.10,0.24,1.4,0.16,0,100,0.92,41
アスパラガス,22,92,92.6,2.6,0.2,3.9,0.7,2,270,19,9,60,0.7,0.5,0.10,0.19,0,5,370,9,380,31,0,1.5,Tr,0.2,0,43,0.14,0.15,1.0,0.12,0,190,0.59,15
アスパラ,22,92,92.6,2.6,0.2,3.9,0.7,2,270,19,9,60,0.7,0.5,0.10,0.19,0,5,370,9,380,31,0,1.5,Tr,0.2,0,43,0.14,0.15,1.0,0.12,0,190,0.59,15
うど,18,75,94.4,0.8,0.1,4.3,0.4,Tr,220,7,9,25,0.2,0.1,0.05,0.04,0,0,0,0,0,0,0,0.2,0,0,0,2,0.02,0.01,0.5,0.04,0,19,0.12,4
やまうど,18,75,94.4,0.8,0.1,4.3,0.4,Tr,220,7,9,25,0.2,0.1,0.05,0.04,0,0,0,0,0,0,0,0.2,0,0,0,2,0.02,0.01,0.5,0.04,0,19,0.12,4
おくら,30,126,90.2,2.1,0.2,6.6,0.9,4,260,92,51,58,0.5,0.6,0.13,0.48,0,2,670,1,670,56,0,1.2,0,0.2,0,71,0.09,0.09,0.8,0.10,0,110,0.42,11
オクラ,30,126,90.2,2.1,0.2,6.6,0.9,4,260,92,51,58,0.5,0.6,0.13,0.48,0,2,670,1,670,56,0,1.2,0,0.2,0,71,0.09,0.09,0.8,0.10,0,110,0.42,11
かぶ,20,84,92.3,2.3,0.1,3.9,1.4,15,330,250,25,42,2.1,0.3,0.10,0.64,0,0,2800,41,2800,230,0,3.1,0.1,0.1,0,340,0.08,0.16,0.9,0.16,0,110,0.36,82
カリフラワー,27,113,90.8,3.0,0.1,5.2,0.9,8,410,24,18,68,0.6,0.6,0.05,0.22,0,0,18,0,18,2,0,0.2,0,0.4,0,17,0.06,0.11,0.7,0.23,0,94,1.30,81
かんぴょう,28,117,91.6,0.8,0,7.2,0.4,1,100,34,10,16,0.3,0.2,0.08,0.14,0,0,0,0,0,0,0,0.1,0,0,0,0,0,0,0.3,0,0,7,0,0
きく,27,113,91.5,1.4,0,6.5,0.6,2,280,22,12,28,0.7,0.3,0.04,0.36,0,0,67,0,67,6,0,4.6,0.1,0.3,0,11,0.10,0.11,0.5,0.08,0,73,0.20,11
きゃべつ,	23,96,92.7,1.3,0.2,5.2,0.5,5,200,43,14,27,0.3,0.2,0.02,0.15,0,0,49,1,50,4,0,0.1,0,0,0,78,0.04,0.03,0.2,0.11,0,78,0.22,41
キャベツ,23,96,92.7,1.3,0.2,5.2,0.5,5,200,43,14,27,0.3,0.2,0.02,0.15,0,0,49,1,50,4,0,0.1,0,0,0,78,0.04,0.03,0.2,0.11,0,78,0.22,41
グリーンボール,20,84,93.4,1.4,0.1,4.3,0.7,4,270,58,17,41,0.4,0.2,0.03,0.18,0,0,110,0,110,9,0,0.2,0,0,0,79,0.05,0.04,0.4,0.13,0,53,0.31,47
レッドボール,30,126,90.4,2.0,0.1,6.7,0.8,4,310,40,13,43,0.5,0.3,0.04,0.20,0,0,36,0,36,3,0,0.1,0,0,0,29,0.07,0.03,0.3,0.19,0,58,0.35,68
きゅうり,14,59,95.4,1.0,0.1,3.0,0.5,1,200,26,15,36,0.3,0.2,0.11,0.07,0,1,330,0,330,28	0,0.3,0,0,0,34,0.03,0.03,0.2,0.05,0,25,0.33,14
ぎょうじゃにんにく,34,142,88.8,3.5,0.2,6.6,0.9,2,340,29,22,30,1.4,0.4,0.16,-,0,0,2000,-,2000,170,0,0.4,0.1,0.4,0,320,0.10,0.16,0.8,0.15,0,85,0.39,59
きょうな,23,96,91.4,2.2,0.1,4.8,1.3,36,480,210,31,64,2.1,0.5,0.07,0.41,0,0,1300,0,1300,110,0,1.8,Tr,0.1,0	120,0.08,0.15,0.7,0.18,0,140,0.50,55
キンサイ,19,79,93.5,1.1,0.4,3.5,1.2,27,360,140,26,56,0.5,0.5,0.02,0.52,0,0,1800,23,1800,150,0,1.2,0,0,0,180,0.05,0.11,0.6,0.08,0,47,0.35,15						
くわい,126,527,65.5,6.3,0.1,26.6,1.5,3,600,5,34,150,0.8,2.2,0.71,0.13,0,0,0,0,0,0,0,3.0,Tr,0,0,1,0.12,0.07,1.9,0.34,0,140,0.78,2
ケール,28,117,90.2,2.1,0.4,5.6,1.5,9,420,220,44,45,0.8,0.3,0.05,0.55,0,0,2900,13,2900,240,0,2.4,Tr,0.2,0,210,0.06,0.15,0.9,0.16,0,120,0.31,81
コールラビ,21,88,93.2,1.0,0,5.1,0.6,7,240,29,15,29,0.2,0.1,0.02,0.07,0,0,0,23,12,1,0,0,0,0,0,7,0.04,0.05,0.2,0.09,0,73,0.20,45
こごみ,28,117,90.7,3.0,0.2,5.3,0.8,1,350,26,31,69,0.6,0.7,0.26,0.33,0,200,1100,29,1200,100,0,1.7,0.2,0.1,0.1,120,0,0.12,2.9,0.03,0,150,0.60,27
ごぼう,65,272,81.7,1.8,0.1,15.4,0.9,18,320,46,54,62,0.7,0.8,0.21,0.18,0,0,1,0,1,Tr,0,0.6,0,0,0,Tr,0.05,0.04,0.4,0.10,0,68,0.23,3
こまつな,14,59,94.1,1.5,0.2,2.4,1.3,15,500,170,12	,45,2.8,0.2,0.06,0.13,0,0,3100,28,3100,260,0,0.9,0,0.1,0,210,0.09,0.13,1.0,0.12,0,110,0.32,39
小松菜,14,59,94.1,1.5,0.2,2.4,1.3,15,500,170,12	,45,2.8,0.2,0.06,0.13,0,0,3100,28,3100,260,0,0.9,0,0.1,0,210,0.09,0.13,1.0,0.12,0,110,0.32,39
ザーサイ,23,96,77.6,2.5,0.1,4.6,15.0,5400,680,140,19,67,2.9,0.4,0.10,0.34,0,-	,-,-,11,1,0,0.2,0,0.1,0,24,0.04,0.07,0.4,0.09,0,14,0.35,0
唐辛子,27,113,91.4,1.9,0.3,5.7,0.7,1,340,11,21,34,0.5,0.3,0.10,0.18,0,0,530,0,530,44,0,1.3,0,0,0,51,0.07,0.07,1.4,0.39,0,33,0.35,57
ししとう,27,113,91.4,1.9,0.3,5.7,0.7,1,340,11,21,34,0.5,0.3,0.10,0.18,0,0,530,0,530,44,0,1.3,0,0,0,51,0.07,0.07,1.4,0.39,0,33,0.35,57
とうがらし,27,113,91.4,1.9,0.3,5.7,0.7,1,340,11,21,34,0.5,0.3,0.10,0.18,0,0,530,0,530,44,0,1.3,0,0,0,51,0.07,0.07,1.4,0.39,0,33,0.35,57
しそ,37,155,86.7,3.9,0.1,7.5,1.7,1,500,230,70,70,1.7,1.3,0.20,2.01,0,0,11000,0,11000,880,0,3.9,0,0,0,690,0.13,0.34,1.0,0.19,0,110,1.00,26
春菊,22,92,91.8,2.3,0.3,3.9,1.4,73,460,120,26,44,1.7,0.2,0.10,0.40,0,0,4500,0,4500,380,0,1.7,0,0.1,0,250,0.10,0.16,0.8,0.13,0,190,0.23,19
じゅんさい,5,21,98.6,0.4,0,1.0,Tr,2,2,4,2	,5,0,0.2,0.02,0.02,0,0,29,0,29,2,0,0.1,0,0,0,16,0,0.02,0,0,0,3,0,0
生姜,30,126,91.4,0.9,0.3,6.6,0.7,6,270,12,27,25,0.5,0.1,0.06,5.01,0,1,4,0,5,Tr,0,0.1,Tr,0.8,0,0,0.03,0.02,0.6,0.13,0,8,0.21,2
しょうが,30,126,91.4,0.9,0.3,6.6,0.7,6,270,12,27,25,0.5,0.1,0.06,5.01,0,1,4,0,5,Tr,0,0.1,Tr,0.8,0,0,0.03,0.02,0.6,0.13,0,8,0.21,2
しろうり,15,63,95.3,0.9,0.1,3.3,0.4,1,220,35,12,20,0.2,0.2,0.03,0.05,0,0,65,9,70,6,0,	0.2,0,0.1,0,29,0.03,0.03,0.2,0.04,0,39,0.30,8
ずいき,16,67,94.5,0.5,0,4.1,0.9,1,390,80,6,13,0.1,1.0,0.03,2.24,0,0,110,0,110,9,0,0.4,0,0.1,0,9,0.01,0.02,0.2,0.03,0,14,0.28,5
すぐきな,26,109,90.5,1.9,0.2,5.4,1.8,32,680,150,18,58,2.6,0.3,0.06,0.30,0,0,2000,30,2000,170,0,3.8,0.1,0.1,0,280,0.08,0.13,1.1,0.05,0,200,0.35,73
ズッキーニ,14,59,94.9,1.3,0.1,2.8,0.8,1,320,24,25,37,0.5,0.4,0.07,0.15,0,0,310,10,320,27,0,0.4,0,0.4,0,35,0.05,0.05,0.4,0.09,0,36,0.22,20
せり,17,71,93.4,2.0,0.1,3.3,1.2,19,410,34,24,51,1.6,0.3,0.15,1.24,0,0,1900,20,1900,160,0,0.7,0.1,0.8,0,160,0.04,0.13,1.2,0.11,0,110,0.42,20
セロリ,15,63,94.7,1.0,0.1,3.2,1.0,28,410,39,9,39,0.2,0.2,0.03,0.11,0,0,44,0,44,4,0,0.2,0,0,0,10,0.03,0.03,Tr,0.08,0,29,0.26,7
ぜんまい,29,121,90.9,1.7,0.1,6.6,0.7,2,340,10,17,37,0.6,0.5,0.15,0.40,0,42,500,14,530,44,0,0.6,Tr,0.1,0,34,0.02,0.09,1.4,0.05,0,210,0.64,24
そらまめ,108,452,72.3,10.9,0.2,15.5,1.1,1,440,22,36,220,2.3,1.4,0.39,0.21,0,2,240	0,240,20,0,Tr,0,1.3,0,18,0.30,0.20,1.5,0.17,0,120,0.46,23
かいわれだいこん,21,88,93.4,2.1,0.5,3.3,0.6,5,99,54,33,61,0.5,0.3,0.03,0.35,0,0,1900,0,1900,160,0,2.1,0.1,0.5,0,200,0.08,0.13,1.3,0.23,0,96,0.29,47
だいこん,25,105,90.6,2.2,0.1,5.3,1.6,48,400,260,22,52,3.1,0.3,0.04,0.27,0,0,3900,0,3900,330,0,3.8,0,0.1,0,270,0.09,0.16,0.5,0.18,0,140,0.26,53
大根,25,105,90.6,2.2,0.1,5.3,1.6,48,400,260,22,52,3.1,0.3,0.04,0.27,0,0,3900,0,3900,330,0,3.8,0,0.1,0,270,0.09,0.16,0.5,0.18,0,140,0.26,53
高菜,21,88,92.7,1.8,0.2,4.2,0.9,43,300,87,16,35,1.7,0.3,0.04,0.24,0,0,2300,0,2300,190,0,0.8,0,0.1,0,120,0.06,0.10,0.4,0.16,0,180,0.27,69
たかな,21,88,92.7,1.8,0.2,4.2,0.9,43,300,87,16,35,1.7,0.3,0.04,0.24,0,0,2300,0,2300,190,0,0.8,0,0.1,0,120,0.06,0.10,0.4,0.16,0,180,0.27,69
たけのこ,26,109,90.8,3.6,0.2,4.3,1.1,Tr,520,16,13,62,0.4,1.3,0.13,0.68,0,0,11,0,11,1,0,0.7,0,0.3,0,2,0.05,0.11,0.7,0.13,0,63,0.63,10
玉ねぎ,37,155,89.7,1.0,0.1,8.8,0.4,2,150,21,9,33,0.2,0.2,0.05,0.15,0,0,1,0,1,Tr,0,0.1,0,0,0,Tr,0.03,0.01,0.1,0.16,0,16,0.19,8
たまねぎ,37,155,89.7,1.0,0.1,8.8,0.4,2,150,21,9,33,0.2,0.2,0.05,0.15,0,0,1,0,1,Tr,0,0.1,0,0,0,Tr,0.03,0.01,0.1,0.16,0,16,0.19,8
たらの芽,27,113,90.2,4.2,0.2,4.3,1.1,1,460,16,33,120,0.9,0.8,0.35,0.47,0,0,570,0,570,48,0,2.4,0.1,1.6,0.2,99,0.15,0.20,2.5,0.22,0,160,0.53,7
たらのめ,27,113,90.2,4.2,0.2,4.3,1.1,1,460,16,33,120,0.9,0.8,0.35,0.47,0,0,570,0,570,48,0,2.4,0.1,1.6,0.2,99,0.15,0.20,2.5,0.22,0,160,0.53,7
チコリー,16,67,94.7,1.0,Tr,3.9,0.4,3,170,24,9,25,0.2,0.2,0.05,0.07,0,0,11,0,11,1,0,0.2,0,0.1,0,8,0.06,0.02,0.2,0.03,0,41,0.14,2
チンゲンサイ,9,38,96.0,0.6,0.1,2.0,0.8,32,260,100,16,27,1.1,0.3,0.07,0.12,0,0,2000,0,2000,170,0,0.7,0,0,0,84,0.03,0.07,0.3,0.08,0,66,0.17,24
つくし,38,159,86.9,3.5,0.1,8.1,1.4,6,640,50,33,94,2.1,1.1,0.22,0.22,0,53,1000,49,1100,88,0,4.9,Tr,0,0.1,19,0.07,0.14,2.2,0.35,0,110,0.90,33
つるな,15,63,93.8,1.8,0.1,2.8,1.3,5,300,48,35,75,3.0,0.5,0.06,0.81,0,0,2700,0,2700,230,0,1.3,Tr,0,0,310,0.08,0.30,1.0,0.13,0,90,0.46,22
つるむらさき,13,54,95.1,0.7,0.2,2.6,1.1,9,210,150,67,28,0.5,0.4,0.05,0.29,0,210,2900,74,3000,250,0,1.1,Tr,0.2,0,350,0.03,0.07,0.3,0.09,0,78,0.21,41
つわぶき,21,88,93.3,0.4,0,5.6,0.7,100,410,38,15,11,0.2,0.1,0.02,0.23,0,0,60,0,60,5,0,0.4,0,0,0,8,0.01,0.04,0.4,0.02,0,16,0.10,4
冬瓜,16,67,95.2,0.5,0.1,3.8,0.4,1,200,19,7,18,0.2,0.1,0.02,0.02,0,0,0,0,0,0,0,0.1,0,0,0,1,0.01,0.01,0.4,0.03,0,26,0.21,39
とうがん,16,67,95.2,0.5,0.1,3.8,0.4,1,200,19,7,18,0.2,0.1,0.02,0.02,0,0,0,0,0,0,0,0.1,0,0,0,1,0.01,0.01,0.4,0.03,0,26,0.21,39
スイートコーン,92,385,77.1,3.6,1.7,16.8,0.8,Tr,290,3,37,100,0.8,1.0,0.10,0.32,0,9,22,54,53,4,0,0.3,Tr,1.0,Tr,1,0.15,0.10,2.3,0.14,0,95,0.58,8
ヤングコーン,29,121,90.9,2.3,0.2,6.0,0.6,0,230,19,25,63,0.4,0.8,0.09,0.60,0,0,33,4,35,3,0,0.4,0,0.4,0,1,0.09,0.11,0.9,0.16,0,110,0.40,9
トマト,19,79,94.0,0.7,0.1,4.7,0.5,3,210,7,9,26,0.2,0.1,0.04,0.08,0,4,540,0,540,45,0,0.9,Tr,0.2,0,4,0.05,0.02,0.7,0.08,0,22,0.17,15
とまと,19,79,94.0,0.7,0.1,4.7,0.5,3,210,7,9,26,0.2,0.1,0.04,0.08,0,4,540,0,540,45,0,0.9,Tr,0.2,0,4,0.05,0.02,0.7,0.08,0,22,0.17,15
ミニトマト,29,121,91.0,1.1,0.1,7.2,0.6,4,290,12,13,29,0.4,0.2,0.06,0.10,0,4,960,0,960,80,0,0.9,Tr,0.5,0,7,0.07,0.05,0.8,0.11,0,35,0.17,32
トレビス，18,75,94.1,1.1,0.2,3.9,0.7,11,290,21,11,34,0.3,0.2,0.06,0.15,0,0,14,-,14,1,0,0.1,0.2,0.1,0,13,0.04,0.04,0.2,0.03,0,41,0.24,6
とんぶり,90,377,76.7,6.1,3.5,12.9,0.8,5,190,15,74,170,2.8,1.4,0.25,0.78,0,1,800,-,800,67,0,4.6,0.1,1.1,0,120,0.11,0.17,0.3,0.16,0,100,0.48,1
なす,22,92,93.2,1.1,0.1,5.1,0.5,Tr,220,18,17,30,0.3,0.2,0.06,0.16,0,0,100,1,100,8,0,0.3,0,0,0,10,0.05,0.05,0.5,0.05,0,32,0.33,4
なずな,36,151,86.8,4.3,0.1,7.0,1.7,3,440,290,34,92,2.4,0.7,0.16,1.00,0,0,5200,0,5200,430,0,2.5,Tr,0.1,0,330,0.15,0.27,0.5,0.32,0,180,1.10,110
にがうり,	17,71,94.4,1.0,0.1,3.9,0.6,1,260,14,14,31,0.4,0.2,0.05,0.10,0,93,160,3,210,17,0,0.8,0.1,0.1,0,41,0.05,0.07,0.3,0.06,0,72,0.37,76
にら,21,88,92.6,1.7,0.3,4.0,1.1,1,510,48,18,31,0.7,0.3,0.07,0.39,0,0,3500,32,3500,290,0,2.5,0,0.5,0,180,0.06,0.13,0.6,0.16,0,100,0.50,19
にんじん,37,155,89.5,0.6,0.1,9.1,0.7,24,280,28,10,25,0.2,0.2,0.04,0.10,0,2800,7700,0,9100,760,0,0.5,Tr,0,0,3,0.05,0.04,0.7,0.11,0,28,0.40,4
ニンジン,37,155,89.5,0.6,0.1,9.1,0.7,24,280,28,10,25,0.2,0.2,0.04,0.10,0,2800,7700,0,9100,760,0,0.5,Tr,0,0,3,0.05,0.04,0.7,0.11,0,28,0.40,4
にんにく,134,561,65.1,6.0,1.3,26.3,1.3,9,530,14,25,150,0.8,0.7,0.18,0.27,0,0,0,0,0,0,0,0.5,0,0,0,Tr,0.19,0.07,0.7,1.50,0,92,0.55,10
ニンニク,134,561,65.1,6.0,1.3,26.3,1.3,9,530,14,25,150,0.8,0.7,0.18,0.27,0,0,0,0,0,0,0,0.5,0,0,0,Tr,0.19,0.07,0.7,1.50,0,92,0.55,10
長ねぎ,28,117,91.7,0.5,0.1,7.2,0.4,Tr,180,31,11,26,0.2,0.3,0.04,0.10,0,0,14,0,14,1,0,0.1,0,0,0,7,0.04,0.04,0.4,0.11,0,56,0.14,11
ねぎ,28,117,91.7,0.5,0.1,7.2,0.4,Tr,180,31,11,26,0.2,0.3,0.04,0.10,0,0,14,0,14,1,0,0.1,0,0,0,7,0.04,0.04,0.4,0.11,0,56,0.14,11
ネギ,28,117,91.7,0.5,0.1,7.2,0.4,Tr,180,31,11,26,0.2,0.3,0.04,0.10,0,0,14,0,14,1,0,0.1,0,0,0,7,0.04,0.04,0.4,0.11,0,56,0.14,11
小ねぎ,27,113,91.3,2.0,0.3,5.4,0.9,1,320,100,17,36,1.0,0.3,0.03,0.18,0,0,2200,13,2200,190,0,1.3,0,0,0,120,0.08,0.14,0.6,0.13,0,120,0.20,44
野沢菜,16,67,94.0,0.9,0.1,3.5,1.1,24,390,130,19,40,0.6,0.3,0.05,0.23,0,0,1200,0,1200,100,0,0.5,Tr,0,0,100,0.06,0.10,0.7,0.11,0,110,0.17,41
白菜,14,59,95.2,0.8,0.1,3.2,0.6,6,220,43,10,33,0.3,0.2,0.03,0.11,0,0,92,13,99,8,0,0.2,0,0,0,59,0.03,0.03,0.6,0.09,0,61,0.25,19
はくさい,	14,59,95.2,0.8,0.1,3.2,0.6,6,220,43,10,33,0.3,0.2,0.03,0.11,0,0,92,13,99,8,0,0.2,0,0,0,59,0.03,0.03,0.6,0.09,0,61,0.25,19
バジル,24,100,91.5,2.0,0.6,4.0,1.5,1,420,240,69,41,1.5,0.6,0.20,1.91,0,0,6300,0,6300,520,0,3.5,0,0.4,0,440,0.08,0.19,0.6,0.11,0,69,0.29,16
パセリ,44,184,84.7,3.7,0.7,8.2,2.7,9,1000,290,42,61,7.5,1.0,0.16,1.05,0,0,7400,83,7400,620,0,3.3,0,0.9,0,850,0.12,0.24,1.2,0.27,0,220,0.48,120
ビート,41,172,87.6,1.6,0.1,9.3,1.1,30,460,12,18,23,0.4,0.3,0.09,0.15,0,0,0,0,0,0,0,0.1,0,0,0,0,0.05,0.05,0.3,0.07,0,110,0.31,5
ピーマン,22,92,93.4,0.9,0.2,5.1,0.4,1,190,11,11,22,0.4,0.2,0.06,0.10,0,6,400,3,400,33,0,0.8,0,0,0	,20,0.03,0.03,0.6,0.19,0,26,0.30,76
赤ピーマン,22,92,93.4,0.9,0.2,5.1,0.4,1,190,11,11,22,0.4,0.2,0.06,0.10,0,6,400,3,400,33,0,0.8,0,0,0,20,0.03,0.03,0.6,0.19,0,26,0.30,76
黄ピーマン,22,92,93.4,0.9,0.2,5.1,0.4,1,190,11,11,22,0.4,0.2,0.06,0.10,0,6,400,3,400,33,0,0.8,0,0,0,20,0.03,0.03,0.6,0.19,0,26,0.30,76
ひのな,19,79,92.5,1.0,Tr,4.7,1.3,10,480,130,21,51,0.8,0.2,0.04,0.17,0,0,1200,11,1200,98,0,0.7,0.1,0,0,93,0.05,0.13,0.7,0.14,0,92,0.18,52
ひろしまな,20,84,92.7,1.5,0.2,4.2,1.1,28,550,200,32,55,0.8,0.3,0.04,0.54,0,0,1900,0,1900,160,0,1.3,Tr,0,0	,160,0.06,0.15,0.7,0.10,0,120,0.47,49
ふき,11,46,95.8,0.3,0,3.0,0.7,35,330,40,6,18,0.1,0.2,0.05,0.36,0,0,49,0,49,4,0,0.2,0,0,0,6,Tr,0.02,0.1,0.01,0,12,0.07,2
ふきのとう,11,46,95.8,0.3,0,3.0,0.7,35,330,40,6,18,0.1,0.2,0.05,0.36,0,0,49,0,49,4,0,0.2,0,0,0,6,Tr,0.02,0.1,0.01,0,12,0.07,2
ふじまめ,33,138,89.2,2.5,0.1,7.4,0.8,Tr,300,43,33,63,0.8,0.4,0.07,0.33,0,79,200,6,240,20,0,0.1,Tr,0.8,0,29,0.08,0.10,0.9,0.08,0,120,0.35,13
ふだんそう,19,79,92.2,2.0,0.1,3.7,1.9,71,1200,75,74,33,3.6,0.3,0.06,3.60,0,0,3700,0,3700,310,0,1.7,Tr,0,0,180,0.07,0.23,0.4,0.25,0,120,0.53,19
ブロッコリー,33,138,89.0,4.3,0.5,5.2,1.0,20,360,38,26,89,1.0,0.7,0.08,0.22,0,4,800,7,810,67,0,2.4,0,0.5,0,160,0.14,0.20,0.8,0.27,0,210,1.12,120
へちま,16,67,94.9,0.8,0.1,3.8,0.4,1,150,12,12,25,0.3,0.2,0.06,0.07,0,0,44,0,44,4,0,0.3,Tr,0.1,0,12,0.03,0.04,0.2,0.07,0,92,0.30,5
ホウレンソウ,20,84,92.4,2.2,0.4,3.1,1.7,16,690,49,69,47,2.0,0.7,0.11,0.32,0,0,4200,34,4200,350,0,2.1,0,0.2,0,270,0.11,0.20,0.6,0.14,0,210,0.20,35
ほうれん草,20,84,92.4,2.2,0.4,3.1,1.7,16,690,49,69,47,2.0,0.7,0.11,0.32,0,0,4200,34,4200,350,0,2.1,0,0.2,0,270,0.11,0.20,0.6,0.14,0,210,0.20,35
ホースラディッシュ,79,331,77.3,3.1,0.3,17.7,1.6,1,510,110,65,58,1.0,2.3,0.19,0.40,0,-,-,-,7,1,0,0,0,0,0,0,0.10,0.10,0.5,0.23,0,99,0.32,73
まこも,21,88,93.5,1.3,0.2,4.4,0.6,3,240,2,8,42,0.2,0.2,0.02,0.25,0,0,15,-,15,1,0,Tr,0,Tr,0,2,0.04,0.03,0.5,0.08,0,43,0.25,6
みずかけな,25,105,91.1,2.9,0.1,4.7,1.1,7,400,110,23,64,1.0,0.3,0.07,0.17,0,0,2300,10,2300,190,0,0.9,0,0,0,200,0.11,0.23,1.1,0.17,0,240,0.55,88
水菜	,25,105,91.1,2.9,0.1,4.7,1.1,7,400,110,23,64,1.0,0.3,0.07,0.17,0,0,2300,10,2300,190,0,0.9,0,0,0,200,0.11,0.23,1.1,0.17,0,240,0.55,88
みずな,25,105,91.1,2.9,0.1,4.7,1.1,7,400,110,23,64,1.0,0.3,0.07,0.17,0,0,2300,10,2300,190,0,0.9,0,0,0,200,0.11,0.23,1.1,0.17,0,240,0.55,88
みつば,18,75,93.8,1.0,0.1,4.0,1.1,8,640,25,17,50,0.3,0.1,0.07,0.14,0,11,720,3,730,61,0,0.7,Tr,Tr,0,63,0.03,0.09,0.4,0.04,0,44,0.29,8
ミョウガ,	12,50,95.6,0.9,0.1,2.6,0.8,1,210,25,30,12,0.5,0.4,0.05,1.17,0,8,27,0,31,3,0,0.1,0,1.2,0.1,20,0.05,0.05,0.4,0.07,0,25,0.20,2	
みょうが,12,50,95.6,0.9,0.1,2.6,0.8,1,210,25,30,12,0.5,0.4,0.05,1.17,0,8,27,0,31,3,0,0.1,0,1.2,0.1,20,0.05,0.05,0.4,0.07,0,25,0.20,2
むかご,93,389,75.1,2.9,0.2,20.6,1.2,3,570,5,19,64,0.6,0.4,0.15,0.05,0,0,24,-,24,2,0,0.4,0.2,0,0,0,0.11,0.02,0.3,0.07,0,20,0.60,9
芽キャベツ,50,209,83.2,5.7,0.1,9.9,1.1,5,610,37,25,73,1.0,0.6,0.07,0.29,0,0,710,10,710,59,0,0.6,0,0,0,150,0.19,0.23,0.9,0.27,0,240,0.76,160
めキャベツ,50,209,83.2,5.7,0.1,9.9,1.1,5,610,37,25,73,1.0,0.6,0.07,0.29,0,0,710,10,710,59,0,0.6,0,0,0,150,0.19,0.23,0.9,0.27,0,240,0.76,160
めたで,43,180,87.0,3.0,0.5,8.8,0.7,9,140,49,70,110,2.3,0.9,0.09,7.66,0,0,4900,0,4900,410,0,4.8,0.1,Tr,0,360,0.15,0.21,1.1,0.27,0,77,0.29,67
もやし,12,50,96.0,1.6,0.1,2.0,0.3,7,43,14,13,37,0.5,0.4,0.09,0.10,0,0,56,0,56,5,0,1.9,0,Tr,0,47,0.07,0.09,0.2,0.10,0,56,0.46,5
モロヘイヤ,38,159,86.1,4.8,0.5,6.3,2.1,1,530,260,46,110,1.0,0.6,0.33,1.32,0,0,10000,76,10000,840,0,6.5,Tr,0.5,0,640,0.18,0.42,1.1,0.35,0,250,1.83,65
ゆりね,125,523,66.5,3.8,0.1,28.3,1.3,1,740,10,25,71,1.0,0.7,0.16,0.96,0,0,0,0,0,0,0,0.5,0,0,0,0,0.08,0.07,0.7,0.12,0,77,0,9
ようさい,126,527,66.5,3.4,0.1,28.7,1.3,1,690,10,24,65,0.9,0.7,0.14,0.75,0,0,0,0,0,0,0,0.5	,0,0,0,Tr,0.07,0.07,0.6,0.12,0,92,0,8
よめな,46,192,84.6,3.4,0.2,10.0,1.8,2,800,110,42,89,3.7,0.7,0.24,0.78,0,0,6700,0,6700,560,0,4.1,Tr,0.1,0,440,0.23,0.32,3.2,0.10,0,170,0.50,42
よもぎ,46,192,83.6,5.2,0.3,8.7,2.2,10,890,180,29,100,4.3,0.6,0.29,0.84,0,0,5300,0,5300,440,0,3.2,0.1,0.5,0,340,0.19,0.34,2.4,0.08,0,190,0.55,35
リーキ,29,121,90.8,1.6,0.1,6.9,0.6,2,230,31,11,27,0.7,0.3,0.03,0.25,0,0,45,0,45,4,0,0.3,0,0.1,0,9,0.06,0.08,0.4,0.24,0,76,0.17,11
ルバーブ,24,100,92.1,0.7,0.1,6.0,0.9,1,400,74,19,37,0.2,0.1,0.02,0.05,0,0,40,0,40,3,0,0.2,0,0,0,7,0.04,0.05,0.2,0.02,0,31,0.10,5
レタス,12,50,95.9,0.6,0.1,2.8,0.5,2,200,19,8,22,0.3,0.2,0.04,0.13,0,0,240,0,240,20,0,0.3,0,0.2,0,29,0.05,0.03,0.2,0.05,0,73,0.20,5
サラダ菜,14,59,94.9,1.7,0.2,2.2,1.0,6,410,56,14,49,2.4,0.2,0.04,-,0,0,2200,0,2200,180,0,1.4,0,1.1,0,110,0.06,0.13,0.3,0.06,0,71,0.25,14
リーフレタス,16,67,94.0,1.4,0.1,3.3,1.0,6,490,58,15,41,1.0,0.5,0.06,0.34,0,0,2300,10,2300,200,0,1.3,0.1,0.9,Tr,160,0.10,0.10,0.4,0.10,0,110,0.24,21
サニーレタス,16,67,94.1,1.2,0.2,3.2,1.1,4,410,66,15,31,1.8,0.4,0.05,0.43,0,0,2000,0,2000,170,0,1.2,Tr,0.8,0,160,0.10,0.10,0.3,0.08,0,120,0.14,17
れんこん,66,276,81.5,1.9,0.1,15.5,1.0,24,440,20,16,74,0.5,0.3,0.09,0.78,0,0,3,0,3,Tr,0,0.6,Tr,0,0	,0,0.10,0.01,0.4,0.09,0,14,0.89,48
レンコン,66,276,81.5,1.9,0.1,15.5,1.0,24,440,20,16,74,0.5,0.3,0.09,0.78,0,0,3,0,3,Tr,0,0.6,Tr,0,0	,0,0.10,0.01,0.4,0.09,0,14,0.89,48
ロケットサラダ,19,79,92.7,1.9,0.4,3.1,1.5,14,480,170,46,40,1.6,0.8,0.07,0.69,0,0,3600,0,3600,300,0,1.4,Tr,Tr,0,210,0.06,0.17,0.5,0.11,0,170,0.55,66
わけぎ,30,126,90.3,1.6,0,7.4,0.7,1,230,59,23,25,0.4,0.2,0.04,0.23,0,0,2700,68,2700,220,0,1.4,Tr,0.5,0,170,0.06,0.10,0.3,0.18,0,120,0.21,37
わさび,88,368,74.2,5.6,0.2,18.4,1.5,24,500,100,46,79,0.8,0.7,0.03,0.14,0,0,7,0,7,1,0,1.4,0,0,0,49,0.06,0.15,0.6,0.32,0,50,0.20,75
えのきたけ,22,92,88.6,2.7,0.2,7.6,0.9,2,340,Tr,15,110,1.1,0.6,0.10,0.07,0,0,0,0,0,0,0.9,0,0,0,0,0,0.24,0.17,6.8,0.12,0,75,1.40,1
えのき,22,92,88.6,2.7,0.2,7.6,0.9,2,340,Tr,15,110,1.1,0.6,0.10,0.07,0,0,0,0,0,0,0.9,0,0,0,0,0,0.24,0.17,6.8,0.12,0,75,1.40,1
きくらげ,13,54,93.8,0.6,0.2,5.2,0.2,9,37,25,27,10,0.7,0.2,0.03,0.53,0,0,0,0,0,0,39.4,0,0,0,0,0,0.01,0.06,Tr,0.01,0,2,0,0	
キクラゲ,13,54,93.8,0.6,0.2,5.2,0.2,9,37,25,27,10,0.7,0.2,0.03,0.53,0,0,0,0,0,0,39.4,0,0,0,0,0,0.01,0.06,Tr,0.01,0,2,0,0	
しいたけ,18,75,91.0,3.0,0.4,4.9,0.7,2,280,3,14,73,0.3,0.4,0.05,0.23,0,0,0,0,0,0,2.1,0,0,0,0,0,0.10,0.19,3.8,0.11,0,42,1.08,10
しめじ,10,18,75,90.8,2.7,0.6,5.0,0.9,3,380,1,11,100,0.4,0.5,0.06,0.12,0,0,0,0,0,0,2.2,0,0,0,0,0,0.16,0.16,6.6,0.08,0,28,0.86,7	
ぶなしめじ,10,18,75,90.8,2.7,0.6,5.0,0.9,3,380,1,11,100,0.4,0.5,0.06,0.12,0,0,0,0,0,0,2.2,0,0,0,0,0,0.16,0.16,6.6,0.08,0,28,0.86,7	
たもぎたけ,16,67,91.7,3.6,0.3,3.7,0.7,1,190,2,11,85,0.8,0.6,0.32,0.06,0,0,0,0,0,0,1.7,0,0,0,0,0,0.17,0.33,12.0,0.12,0,80,1.32,0
なめこ,15,63,92.4,1.7,0.2,5.2,0.5,3,230,4,10,66,0.7,0.5,0.11,0.06,0,0,0,0,0,0,0.4,0,0,0,0,0,0.07,0.12,5.1,0.05,Tr,58,1.25,Tr
ひらたけ,8,20,84,89.4,3.3,0.3,6.2,0.8,2,340,1,15,100,0.7,1.0,0.15,0.16,0,0,0,0,0,0,1.1,0,0,0,0,0,0.40,0.40,10.7,0.10,0,92,2.40,10
エリンギ,8,24,100,87.5,3.6,0.5,7.4,1.0,2,460,1,15,120,0.3,0.7,0.15,0.07,0,0,0,0,0,0,1.8,Tr,0,0,0,0,0.14,0.28,8.1,0.18,0,80,1.61,0
舞茸,16,67,92.3,3.7,0.7,2.7,0.6,1,330,1,12,130,0.5,0.8,0.27,0.05,0,0,0,0,0,0,3.4,0,0,0,0,0,0.25,0.49,9.1,0.07,0,60,0.79,0
まいたけ,16,67,92.3,3.7,0.7,2.7,0.6,1,330,1,12,130,0.5,0.8,0.27,0.05,0,0,0,0,0,0,3.4,0,0,0,0,0,0.25,0.49,9.1,0.07,0,60,0.79,0
マッシュルーム,5,11,46,93.9,2.9,0.3,2.1,0.8,6,350,3,10,100,0.3,0.4,0.32,0.04,0,0,0,0,0,0,0.6,0	,0,0,0,0,0.06,0.29,3.0,0.11,0,28,1.54,1
松茸,3,23,96,88.3,2.0,0.6,8.2,0.9,2,410,6,8,40,1.3,0.8,0.24,0.12,0,0,0,0,0,0,3.6,0,0,0,0,0,0.10,0.10,8.0,0.15,0,63,1.91,2
まつたけ,3,23,96,88.3,2.0,0.6,8.2,0.9,2,410,6,8,40,1.3,0.8,0.24,0.12,0,0,0,0,0,0,3.6,0,0,0,0,0,0.10,0.10,8.0,0.15,0,63,1.91,2
あおさ,130,544,16.9,22.1,0.6,41.7,18.7,3900,3200,490,3200,160,5.3,1.2,0.80,17.00,0,300,2500,27,2700,220,0,1.1,0,0,0,5,0.07,0.48,10.0,0.09,1.3,180,0.44,10
あおのり,150,628,9.4,18.1,0.3,56.0,16.2,3400,770,720,1300,380,74.8,2.6,0.80,13.00,0,2100,16000,79,17000,1400,0,2.4,0,0,0,3,0.89,1.61,6.1,0.49,31.8,260,0.55,40
あまのり,173,724,8.4,39.4,3.7,38.7,9.8,610,3100,140,340,690,10.7,3.7,0.62,2.51,0,8800,38000,1900,43000,3600,0,4.3,0,0,0,2600,1.21,2.68,11.8,0.61,77.6,1200,0.93,160
あらめ,140,586,16.7,12.4,0.7,56.2,14.0,2300,3200,790,530,250,3.5,1.1,0.17,0.23,0,0,2700,33,2700,220,0,0.6,0,0,0,260,0.10,0.26,2.3,0.02,0.1,110,0.28,0
いわのり,151,632,8.4,34.8,0.7,39.1,17.0,2100,4500,86,340,530,48.3,2.3,0.39,1.58,0,3600,25000,1900,28000,2300,0,4.2,0,0,0,1700,0.57,2.07,5.4,0.38,39.9,1500,0.71,3
岩のり,151,632,8.4,34.8,0.7,39.1,17.0,2100,4500,86,340,530,48.3,2.3,0.39,1.58,0,3600,25000,1900,28000,2300,0,4.2,0,0,0,1700,0.57,2.07,5.4,0.38,39.9,1500,0.71,3
えごのり,143,598,15.2,9.0,0.1,62.2,13.5,2400,2300,210,570,110,6.8,2.0,0.31,5.73,0,2,7,0,8,1,0,0.4,0,0,0,230,0.04,0.29,0.7,0.03,5.1,44,0.38,0
かわのり,167,699,13.7,38.1,1.6,41.7,4.9,85,500,450,250,730,61.3,5.5,0.60,2.07,0,2700,5600,92,6900,580,0,3.2,0,0,0,4,0.38,2.10,3.0,0.36,5.7,1200,1.20,0
寒天,4,17,97.0,0.5,0.1,1.2,1.2,330,39,34,51,10,0.8,Tr,0.01,0.08,0,98,74,-,120,10,0,0.2,0,0,0,35,Tr,0.01,Tr,0,0,4,0,Tr
かんてん,4,17,97.0,0.5,0.1,1.2,1.2,330,39,34,51,10,0.8,Tr,0.01,0.08,0,98,74,-,120,10,0,0.2,0,0,0,35,Tr,0.01,Tr,0,0,4,0,Tr
くびれつた,4,17,97.0,0.5,0.1,1.2,1.2,330,39,34,51,10,0.8,Tr,0.01,0.08,0,98,74,-,120,10,0,0.2,0,0,0,35,Tr,0.01,Tr,0,0,4,0,Tr
昆布,145,607,9.5,8.2,1.2,61.5,19.6,2800,6100,710,510,200,3.9,0.8,0.13,0.25,0,0,1100,41,1100,95,0,0.9,0,0,0,90,0.48,0.37,1.4,0.03,0,260,0.21,25
こんぶ,145,607,9.5,8.2,1.2,61.5,19.6,2800,6100,710,510,200,3.9,0.8,0.13,0.25,0,0,1100,41,1100,95,0,0.9,0,0,0,90,0.48,0.37,1.4,0.03,0,260,0.21,25
天草,2,8,99.1,0.2,0,0.6,0.1,3,2,4,4,1,0.1,Tr,0.01,0.01,0,0,0,0,0,0,0,0,0,0,0,0,0,0,0,0,0,0,0,Tr
てんぐさ,2,8,99.1,0.2,0,0.6,0.1,3,2,4,4,1,0.1,Tr,0.01,0.01,0,0,0,0,0,0,0,0,0,0,0,0,0,0,0,0,0,0,0,Tr
とさかのり,14,59,92.1,1.5,0.1,5.1,1.2,270,37,70,31,11,1.2,0.2,0.02,0.10,0,-,-,-,15,1,0,0,0,0,0,17,0,0.04,0,Tr,0.1,0,0.08,0
ひじき,139,582,13.6,10.6,1.3,56.2,18.3,1400,4400,1400,620,100,55.0,1.8,0.18,1.72,0,0,3300,16,3300,270,0,1.1,0,0,0,320,0.36,1.10,2.9,0.01,Tr,84,0.49,0
ひとえぐさ,130,544,16.0,16.6,1.0,46.3,20.1,4500,810,920,880,280,3.4,0.6,0.86,1.32,0,140,8500,0,8600,710,0,2.5,0,0,0,14,0.30,0.92,2.4,0.03,0.3,280,0.88,38	
ふのり,148,619,14.7,13.8,1.0,57.8,12.7,2700,600,330,730,130,4.8,1.8,0.38,0.65,0,38,670,34,700,59,0,0.7,0,0,0,430,0.16,0.61,1.7,0.13,0,68,0.94,1
まつも,159,665,12.6,27.9,4.9,40.8,13.8,1300,3800,920,700,530,11.1,5.2,0.26,1.25,0,0,30000,110,30000,2500,0,13.2,0.2,0.2,3.1,1100,0.48,1.61,5.0,0.06,0,720,1.24,5	
むかでのり,10,42,93.7,0.6,0.1,4.2,1.4,220,6,85,120,9,0.8,0.1,0.01,0.41,0,13,23,-,30,2,0,0,0,0,0,16,0,Tr,16.0,0,0,0,0,0
もずく,4,17,97.7,0.2,0.1,1.4,0.6,90,2,22,12,2,0.7,0.3,0.01,0.03,0,0,180,0,180,15,0,0.1,0,0,0,14,Tr,0.01,Tr,Tr,0.1,2,0,0
わかめ,16,67,89.0,1.9,0.2,5.6,3.3,610,730,100,110,36,0.7,0.3,0.02,0.05,0,0,930,26,940,79,0,0.1,0,0,0,140,0.07,0.18,0.9,0.03,0.3,29,0.19,15
ワカメ,16,67,89.0,1.9,0.2,5.6,3.3,610,730,100,110,36,0.7,0.3,0.02,0.05,0,0,930,26,940,79,0,0.1,0,0,0,140,0.07,0.18,0.9,0.03,0.3,29,0.19,15
くきわかめ,16,67,89.0,1.9,0.2,5.6,3.3,610,730,100,110,36,0.7,0.3,0.02,0.05,0,0,930,26,940,79,0,0.1,0,0,0,140,0.07,0.18,0.9,0.03,0.3,29,0.19,15
めかぶわかめ,16,67,89.0,1.9,0.2,5.6,3.3,610,730,100,110,36,0.7,0.3,0.02,0.05,0,0,930,26,940,79,0,0.1,0,0,0,140,0.07,0.18,0.9,0.03,0.3,29,0.19,15
あいなめ,113,472,76.0,19.1,3.4,0.1,1.4,150,370,55,39,220,0.4,0.5,0.06,-,6	0,0,0,0,6,9.0,1.7,0,0,0,0,0.24,0.26,2.6,0.18,2.2,8,0.98,2
あこうだい,93	,89,79.8,16.8,2.3,0.1,1.0,75,310,15,24,170,0.3,0.4,0.02,Tr,26,0,0,0,0,26,1.0,3.4,0,0,0,0,0.11,0.04,1.1,0.05,0.7,3,0.35,Tr
まあじ,121,506,74.4,20.7,3.5,0.1,1.3,120,370,27,34,230,0.7,0.7,0.08,0.01,10,Tr,Tr,0,Tr,10,2.0,0.4,Tr,Tr,Tr,0,0.10,0.20,5.4,0.40,0.7,12,0.70,Tr,0.86
あじ,121,506,74.4,20.7,3.5,0.1,1.3,120,370,27,34,230,0.7,0.7,0.08,0.01,10,Tr,Tr,0,Tr,10,2.0,0.4,Tr,Tr,Tr,0,0.10,0.20,5.4,0.40,0.7,12,0.70,Tr,0.86
あなご,161,674,72.2,17.3,9.3,Tr,1.2,150,370,75,23,210,0.8,0.7,0.04,0.20,500,0,0,0,0,500,0.4,2.3,0,0,0,Tr,0.05,0.14,3.2,0.10,2.3,9,0.86,2
あまご,112,469,76.8,18.3,3.6,0.1,1.2,49,380,27,27,250,0.4,0.8,0.04,0.01,7,0,0,0,0,7,9.0,1.5,0,0,0,0,0.15,0.16,3.9,0.24,5.5,6,0.51,1
あまだい,113,473,76.5,18.8,3.6,Tr,1.1,73,360,58,29,190,0.3,0.3,0.02,Tr,27,0,0,0,0,27,1.0,1.3,0,Tr,Tr,0,0.04,0.06,1.5,0.08,2.1,6,0.43,1
あゆ,100,418,77.7,18.3,2.4,0.1,1.5,70,370,270,24,310,0.9,0.8,0.06,0.16,35,0,0,0,0,35,1.0,1.2,0,0,0,0,0.13,0.15,3.1,0.17,10.3,27,0.67,2
あんこう,58,243,85.4,13.0,0.2,0.3,1.1,130,210,8,19,140,0.2,0.6,0.04,Tr,13,0,0	,0,0,13,1.0,0.7,0,0,0,0,0.04,0.16,1.7,0.11,1.2,5,0.21,1
いかなご,125,523,74.2,17.2,5.5,0.1,3.0,190,390,500,39,530,2.5,3.9,0.08,0.49,200,0,1,0,1,200,21.0,0.8,0,Tr,0,0,0.19,0.81,4.6,0.15,11.0,29,0.77,1
いさき,127,531,75.8,17.2,5.7,0.1,1.2,160,300,22,32,220,0.4,0.6,0.04,0.01,41,0,0,0,0,41,15.0,0.9,0,0,0,0,0.06,0.12,4.0,0.31,5.8,12,0.77,Tr
いしだい,156,653,71.6,19.5,7.8,Tr,1.1,54,390,20,26,240,0.3,0.6,0.03,0.01,39,0,0,0,0,39,3.0,2.1,0,0,0,0,0.15,0.15,4.9,0.34,1.3,2,0.31,Tr
鯛,156,653,71.6,19.5,7.8,Tr,1.1,54,390,20,26,240,0.3,0.6,0.03,0.01,39,0,0,0,0,39,3.0,2.1,0,0,0,0,0.15,0.15,4.9,0.34,1.3,2,0.31,Tr
タイ,156,653,71.6,19.5,7.8,Tr,1.1,54,390,20,26,240,0.3,0.6,0.03,0.01,39,0,0,0,0,39,3.0,2.1,0,0,0,0,0.15,0.15,4.9,0.34,1.3,2,0.31,Tr
いとよりだい,93,389,78.8,18.1,1.7,0.1,1.3,85,390,46,26,200,0.5,0.4,0.05,0.02,28,0,0,0,0,28,11.0,0.6,0,0,0,Tr,0.04,0.08,2.3,0.27,3.0,5,0.50,2
いぼだい,149,623,74.0,16.4,8.5,Tr,1.1,190,280,41,30,160,0.5,0.8,0.03,0.01,95,0,0,0,0,95,2.0,0.7,0,0,0,0,0.04,0.19,4.7,0.29,2.7,7,0.57,1
いわし,192,803,68.2,18.2,12.1,0.3,1.2,85,300,60,32,240,0.9,1.0,0.17,0.13,11,0,0,0,0,11,4.0,0.4,0,0,0,0,0.03,0.16,9.7,0.58,13.9,19,1.07,1
イワシ,192,803,68.2,18.2,12.1,0.3,1.2,85,300,60,32,240,0.9,1.0,0.17,0.13,11,0,0,0,0,11,4.0,0.4,0,0,0,0,0.03,0.16,9.7,0.58,13.9,19,1.07,1
めざし,257,1075,59.0,18.2,18.9,0.5,3.4,1100,170,180,31,190,2.6,1.2,0.10,1.04,53,0,0,0,0,53,11.0,0.3,0,0,0,0,0.01,0.21,10.3,0.37,14.6,34,1.27,Tr
いわな,114,477,76.1,19.0,3.6,0.1,1.2,49,380,39,29,260,0.3,0.8,0.04,0.02,5,0,2,0,2,5,5.0,1.6,0,0,0,0,0.09,0.12,3.4,0.21,4.2,5,0.68,1
うぐい,100,418,77.0,20.1,1.5,0.2,1.2,83,340,69,27,240,0.7,3.4,0.05,0.04,41,0,0,0,0,41,19.0,0.8,0,0,0,0,0.03,0.11,3.5,0.16,8.5,8,1.11,Tr
うなぎ,255,1067,62.1,17.1,19.3,0.3,1.2,74,230,130,20,260,0.5,1.4,0.04,0.04,2400,0,1,0,1,2400,18.0,7.4,0,0.1,0,0,0.37,0.48,3.0,0.13,3.5,14,2.17,2
鰻,255,1067,62.1,17.1,19.3,0.3,1.2,74,230,130,20,260,0.5,1.4,0.04,0.04,2400,0,1,0,1,2400,18.0,7.4,0,0.1,0,0,0.37,0.48,3.0,0.13,3.5,14,2.17,2
えい,84,351,79.3,19.1,0.3,0.1,1.2,270,110,4,18,170,0.9,0.5,0.04,0.01,2,0,0,0,0,2,3.0,0.7,0,0,0,0,0.05,0.12,2.5,0.25,3.7,3,0.55,1
えそ,93,389,77.6,20.1,0.8,0.1,1.4,120,380,80,36,260,0.3,0.4,0.02,0.17,0,0,0,0,0,0,1.0,0.1,0,0,0,0,0.07,0.10,3.3,0.24,1.7,13,0.51,2
おいかわ,136,569,73.8,19.2,5.8,0.1,1.1,48,240,45,23,210,0.6,2.5,0.06,0.04,10,0,0,0,0,10,10.0,0.9,0,0,0,0,0.01,0.16,4.0,0.21,11.3,21,1.02,2
おおさが,144,602,74.7,16.3,8.0,0.1,0.9,71,310,16,22,160,0.2,0.4,0.02,0.01,85,0,0,-,0,85,3.0,4.9,0,0,0,0,0.01,0.03,1.0,0.05,3.3,1,0.21,1
おこぜ,85,356,78.8,19.6,0.2,0.2,1.2,85,360,31,26,200,0.4,0.7,0.03,0.21,2,0,0,0,0,2,1.0,0.4,0,0,0,0,0.01,0.12,2.4,0.08,0.6,3,0.51,0
おひょう,100,418,77.0,19.9,1.7,0.1,1.3,72,400,7,28,260,0.1,0.5,0.02,0.01,13,0,0,0,0,13,3.0,0.8,0,0,0,0,0.09,0.07,7.1,0.41,2.1,12,0.47,Tr
かさご,85,356,79.1,19.3,0.3,0.1,1.2,120,310,57,27,180,0.3,0.5,0.01,0.01,3,0,0,0,0,3,2.0,0.3,0,0,0,0,0.03,0.06,1.8,0.06,1.2,3,0.47,1
かじか,111,464,76.4,15.0,5.0,0.2,3.4,110,260,520,31,400,2.8,1.7,0.15,0.31,180,0,0,0,0,180,3.0,1.3,0,0,0,1,0.07,0.38,1.5,0.08,28.2,15,0.54,1
くろかじき,99,414,75.6,22.9,0.2,0.1,1.2,70,390,5,34,260,0.5,0.7,0.03,0.01,2,0,0,0,0,2,38.0,0.9,0,0,0,0,0.05,0.06,13.5,0.44,1.5,6,0.29,1
まかじき,115,481,73.8,23.1,1.8,0.1,1.2,65,380,5,35,270,0.6,0.6,0.04,0.01,8,0,0,0,0,8,12.0,1.2	,0,0,0,0,0.09,0.07,10.4,0.44,4.3,5,1.25,2
めかじき,141,590,73.6,18.3,6.7,0.1,1.3,61,430,3,27,250,0.5,0.7,0.04,0.01,52,0,0,0,0,52,11.0,3.3,0,0,0,0,0.05,0.08,6.9,0.32,1.9,5,0.38,1
カジキ,141,590,73.6,18.3,6.7,0.1,1.3,61,430,3,27,250,0.5,0.7,0.04,0.01,52,0,0,0,0,52,11.0,3.3,0,0,0,0,0.05,0.08,6.9,0.32,1.9,5,0.38,1
かつお,114,477,72.2,25.8,0.5,0.1,1.4,43,430,11,42,280,1.9,0.8,0.11,0.01,5,0,0,0,0,5,4.0,0.3,0,0,0,0,0.13,0.17,19.0,0.76,8.4,6,0.70,Tr
鰹,114,477,72.2,25.8,0.5,0.1,1.4,43,430,11,42,280,1.9,0.8,0.11,0.01,5,0,0,0,0,5,4.0,0.3,0,0,0,0,0.13,0.17,19.0,0.76,8.4,6,0.70,Tr
カツオ,114,477,72.2,25.8,0.5,0.1,1.4,43,430,11,42,280,1.9,0.8,0.11,0.01,5,0,0,0,0,5,4.0,0.3,0,0,0,0,0.13,0.17,19.0,0.76,8.4,6,0.70,Tr
かます,148,619,72.7,18.9,7.2,0.1,1.1,120,320,41,34,140,0.3,0.5,0.04,0.01,12,0,0,0,0,12,11.0,0.9,0,0,0,0,0.03,0.14,4.5,0.31,2.3,8,0.47,Tr
かれい,95,397,77.8,19.6,1.3,0.1,1.2,110,330,43,28,200,0.2,0.8,0.03,0.01,5,0,0,0,0,5,13.0,1.5,0,0,0,0,0.03,0.35,2.5,0.15,3.1,4,0.66,1
カレイ,95,397,77.8,19.6,1.3,0.1,1.2,110,330,43,28,200,0.2,0.8,0.03,0.01,5,0,0,0,0,5,13.0,1.5,0,0,0,0,0.03,0.35,2.5,0.15,3.1,4,0.66,1
かわはぎ,80,335,79.9,18.8,0.1,Tr,1.2,110,380,13,28,240,0.2,0.4,0.03,0.02,2,0,0,0,0,2,43.0,0.6,0,0,0,0,0.02,0.07,3.0,0.45,1.3,6,0.17,Tr
かんぱち,129,540,73.3,21.0,4.2,0.1,1.4,65,490,15,34,270,0.6,0.7,0.05,0.01,4,-	,-,-,0,4,4.0,0.9,0,0,0,0,0.15,0.16,8.0,0.32,5.3,10,0.52,Tr
きす,85,356,79.0,19.2,0.4,0.1,1.3,120,350,38,30,220,0.2,0.4,0.02,0.01,10,0,0,-,0,10,9.0,0.5,0,0,0,0,0.07,0.04,2.4,0.31,3.9,16,0.43,2
きちじ,262,1096,63.9,13.6,21.7,Tr,0.8,75,250,32,32,130,0.3,0.4,0.11,-,65,0,0,0,0,65,4.0,2.4,0,0,0,0,0.03,0.07,0.8,0.04,1.0,2,0.20,2
きびなご,93,389,78.2,18.8,1.4,0.1,1.5,150,330,100,34,240,1.1,1.9,0.10,0.03,0,0,0,0,0,0,10.0,0.3,0,0,0,Tr,0.02,0.25,6.2,0.44,8.3,8,0.87,3
キャビア,263,1100,51.0,26.2,17.1,1.1,4.6,1600,200,8,30,450,2.4,2.5,0.07,0.12,59,0	,6,0,6,60,1.0,9.3,0,0,0,0,0.01,1.31,0.6,0.24,18.7,49,2.38,4
キングクリップ,78,326,80.5,18.2,0.1,Tr,1.2,140,340,47,28,170,0.3,0.5,0.02,0.01,5,0,0,0,0,5,Tr,0.2,0,0,0,0,0.03,0.07,1.5,0.09,1.3,4,0.42,1
ぎんだら,220,920,68.6,13.0,17.5,Tr,0.9,70,330,14,26,170,0.3,0.3,0.02,Tr,1100,0,0,0,0,1100,4.0,3.0,0,0,0,0,0.05,0.10,1.7,0.08,2.8,1,0.19,Tr
銀ダラ,220,920,68.6,13.0,17.5,Tr,0.9,70,330,14,26,170,0.3,0.3,0.02,Tr,1100,0,0,0,0,1100,4.0,3.0,0,0,0,0,0.05,0.10,1.7,0.08,2.8,1,0.19,Tr
金目鯛,160,669,72.1,17.8,9.0,0.1,1.0,59,330,31,73,490,0.3,0.3,0.02,0.01,63,0,0,0,0,63,2.0,1.7,0,0,0,0,0.03,0.05,2.7,0.28,1.1,9,0.23,1
きんめだい,160,669,72.1,17.8,9.0,0.1,1.0,59,330,31,73,490,0.3,0.3,0.02,0.01,63,0,0,0,0,63,2.0,1.7,0,0,0,0,0.03,0.05,2.7,0.28,1.1,9,0.23,1
くさや,106,444,74.3,23.4,0.8,Tr,1.5,140,330,51,34,180,0.6,0.8,0.03,0.03,7,0,0,0,0,7,4.6,0.7,0,0,0,0,0.05,0.25,3.0,0.11,2.8,9,0.45,Tr
こい,171,715,71.0,17.7,10.2,0.2,0.9,49,340,9,22,180,0.5,1.2,0.05,0.01,4,0,0,0,0,4,14.0,2.0,Tr,Tr,0,0,0.46,0.18,3.3,0.13,10.0,5,1.48,Tr
鯉,171,715,71.0,17.7,10.2,0.2,0.9,49,340,9,22,180,0.5,1.2,0.05,0.01,4,0,0,0,0,4,14.0,2.0,Tr,Tr,0,0,0.46,0.18,3.3,0.13,10.0,5,1.48,Tr
こち,100,418,75.4,22.5,0.5,0.2,1.4,110,450,51,33,260,0.2,0.6,0.02,0.01,1,0,0,0,0,1,1.0,0.1,0,0,0,0,0.07,0.17,4.5,0.34,1.7,4,0.38,1
めごち,75,314,81.1,17.5,0.1,0.1,1.2,160,280,40,30,160,0.2,0.6,0.01,0.04,2,0,3,0,3,2,11.0,0,0,0,0,0,0.02,0.08,2.4,0.14,3.0,6,0.16,Tr
このしろ,160,669,64.6,20.9,7.4,0.6,6.5,2300,310,27,34,250,0.4,0.5,0.06,0.01,19,0,0,0,0,19,20.0,0.4,0,0,0,0,0.21,0.17,6.8,0.48,2.1,10,1.07,1
ます,154,644,70.1,21.7,6.6,0.1,1.5,64,400,13,29,260,0.4,0.6,0.07,0.01,13,0,0,0,0,13,22.0,0.7,0,0,0,0,0.25,0.18,8.0,0.49,4.6,16,1.30,1
鱒,154,644,70.1,21.7,6.6,0.1,1.5,64,400,13,29,260,0.4,0.6,0.07,0.01,13,0,0,0,0,13,22.0,0.7,0,0,0,0,0.25,0.18,8.0,0.49,4.6,16,1.30,1
さけ,204,854,66.0,19.6,12.8,0.3,1.3,48,350,12,25,290,0.3,0.6,0.05,0.01,36,-,-,-,Tr,36,15.0,1.8,Tr,Tr,Tr,0,0.15,0.14,5.3,0.32,5.2,9,1.37,1
鮭,204,854,66.0,19.6,12.8,0.3,1.3,48,350,12,25,290,0.3,0.6,0.05,0.01,36,-,-,-,Tr,36,15.0,1.8,Tr,Tr,Tr,0,0.15,0.14,5.3,0.32,5.2,9,1.37,1
しゃけ,204,854,66.0,19.6,12.8,0.3,1.3,48,350,12,25,290,0.3,0.6,0.05,0.01,36,-,-,-,Tr,36,15.0,1.8,Tr,Tr,Tr,0,0.15,0.14,5.3,0.32,5.2,9,1.37,1
シャケ,204,854,66.0,19.6,12.8,0.3,1.3,48,350,12,25,290,0.3,0.6,0.05,0.01,36,-,-,-,Tr,36,15.0,1.8,Tr,Tr,Tr,0,0.15,0.14,5.3,0.32,5.2,9,1.37,1
銀鮭,204,854,66.0,19.6,12.8,0.3,1.3,48,350,12,25,290,0.3,0.6,0.05,0.01,36,-,-,-,Tr,36,15.0,1.8,Tr,Tr,Tr,0,0.15,0.14,5.3,0.32,5.2,9,1.37,1
さくらます,161,674,69.8,20.9,7.7,0.1,1.5,53,390,15,28,260,0.4,0.5,0.06,0.01,63,0,0,0,0,63,10.0,2.3,0,0,0,0,0.11,0.14,8.8,0.52,7.6,21,0.97,1
にじます,161,674,69.8,20.9,7.7,0.1,1.5,53,390,15,28,260,0.4,0.5,0.06,0.01,63,0,0,0,0,63,10.0,2.3,0,0,0,0,0.11,0.14,8.8,0.52,7.6,21,0.97,1
さば,202,845,65.7,20.7,12.1,0.3,1.2,140,320,9,32,230,1.1,1.0,0.10,0.01,24,0,0,0,0,24,11.0,0.9,0,0,0,5,0.15,0.28,10.4,0.51,10.6,12,0.76,Tr
サバ,202,845,65.7,20.7,12.1,0.3,1.2,140,320,9,32,230,1.1,1.0,0.10,0.01,24,0,0,0,0,24,11.0,0.9,0,0,0,5,0.15,0.28,10.4,0.51,10.6,12,0.76,Tr
鯖,202,845,65.7,20.7,12.1,0.3,1.2,140,320,9,32,230,1.1,1.0,0.10,0.01,24,0,0,0,0,24,11.0,0.9,0,0,0,5,0.15,0.28,10.4,0.51,10.6,12,0.76,Tr
ふかひれ,342,1431,13.0,83.9,1.6,Tr,1.5,180,3,65,94,36,1.2,3.1,0.06,0.09,0,0,0,0,0,0,1.0,0.4,0,0,0,0,Tr,Tr,0.5,0.02,0.9,23,0.24,0
フカヒレ,342,1431,13.0,83.9,1.6,Tr,1.5,180,3,65,94,36,1.2,3.1,0.06,0.09,0,0,0,0,0,0,1.0,0.4,0,0,0,0,Tr,Tr,0.5,0.02,0.9,23,0.24,0
さより,95,397,77.9,19.6,1.3,Tr,1.2,190,290,41,37,190,0.3,1.9,0.03,0.02,Tr,0,0,0,0,Tr,3.0,0.9,0,0,0,0,Tr,0.12,5.2,0.33,5.5,10,0.44,2
さわら,177,741,68.6,20.1,9.7,0.1,1.5,65,490,13,32,220,0.8,1.0,0.03,0.01,12,0,0,0,0,12,7.0,0.3,0,0,0,0,0.09,0.35,9.5,0.40,5.3,8,1.16,Tr
さんま,310,1297,55.8,18.5,24.6,0.1,1.0,130,200,32,28,180,1.4,0.8,0.11,0.02,13,0,0,0,0,13,19.0,1.3,0,0,0,Tr,0.01,0.26,7.0,0.51,17.7,17,0.81,Tr
サンマ,310,1297,55.8,18.5,24.6,0.1,1.0,130,200,32,28,180,1.4,0.8,0.11,0.02,13,0,0,0,0,13,19.0,1.3,0,0,0,Tr,0.01,0.26,7.0,0.51,17.7,17,0.81,Tr
秋刀魚,310,1297,55.8,18.5,24.6,0.1,1.0,130,200,32,28,180,1.4,0.8,0.11,0.02,13,0,0,0,0,13,19.0,1.3,0,0,0,Tr,0.01,0.26,7.0,0.51,17.7,17,0.81,Tr
しいら,108,452,75.5,21.3,1.9,Tr,1.3,50,480,13,31,250,0.7,0.5,0.05,0.01,8,0,0,0,0,8,5.0,0.5,0,0,0,0,0.20,0.15,9.0,0.46,2.6,3,0.36,1
ししゃも,166,695,67.6,21.0,8.1,0.2,3.1,490,380,330,48,430,1.6,1.8,0.10,0.11,100,0	,6,0,6,100,1.0,0.8,0,Tr,0,1,0.02,0.25,1.7,0.07,7.5,37,1.95,1
舌平目,96,402,78.0,19.2,1.6,Tr,1.2,140,310,36,31,160,0.3,0.5,0.02,0.02,30,0,0,0,0,30,2.0,0.6,0,0,0,0,0.06,0.14,3.3,0.20,2.6,12,0.26,1
したびらめ,96,402,78.0,19.2,1.6,Tr,1.2,140,310,36,31,160,0.3,0.5,0.02,0.02,30,0,0,0,0,30,2.0,0.6,0,0,0,0,0.06,0.14,3.3,0.20,2.6,12,0.26,1
しまあじ,168,703,68.9,21.9,8.0,0.1,1.1,53,390,16,29,250,0.7,1.1,0.04,0.01,10,0,0,-,0,10,18.0,1.6,0,0,0,0,0.25,0.15,8.3,0.52,3.2,2,0.88,Tr
しらうお,77,322,82.6,13.6,2.0,0.1,1.7,170,250,150,39,270,0.4,1.2,0.03,0.09,50,0,0,0,0,50,1.0,1.8,0,Tr,0,0,0.08,0.10,1.8,0.12,3.3,58,0.94,4
すずき,153,640,72.4,18.6,7.9,Tr,1.1,85,440,11,31,220,0.6,0.5,0.06,0.01,100,0,0,0,0,100,3.0,3.1,0,0,0,0,0.08,0.18,7.6,0.50,1.8,4,0.48,0	
黒鯛,150,628,71.4,20.4,6.7,0.3,1.2,59,400,13,36,250,0.3,0.8,0.03,0.01,12,0,0,0,0,12,4.0,1.4,0,0,0,0,0.12,0.30,5.5,0.42,3.7,14,0.62,3
くろだい,150,628,71.4,20.4,6.7,0.3,1.2,59,400,13,36,250,0.3,0.8,0.03,0.01,12,0,0,0,0,12,4.0,1.4,0,0,0,0,0.12,0.30,5.5,0.42,3.7,14,0.62,3
真鯛,142,594,72.2,20.6,5.8,0.1,1.3,55,440,11,31,220,0.2,0.4,0.02,0.01,8,0,0,0,0,8,5.0,1.0,0,0,0,0,0.09,0.05,6.0,0.31,1.2,5,0.64,1
まだい,142,594,72.2,20.6,5.8,0.1,1.3,55,440,11,31,220,0.2,0.4,0.02,0.01,8,0,0,0,0,8,5.0,1.0,0,0,0,0,0.09,0.05,6.0,0.31,1.2,5,0.64,1
たかさご,100,418,76.7,20.2,1.5,0.1,1.5,48,510,51,36,290,0.5,0.7,0.04,0.01,7,0,0,-,0,7,2.0,0.1,0,0,0,0,0.03,0.07,4.3,0.20,4.4,3,0.46,Tr
たかべ,164,686,71.0,18.7,9.0,Tr,1.3,120,380,41,34,210,0.6,1.3,0.04,0.01,16,-,-,-,0,16,4.0,1.4,0,0,0,0,0.06,0.18,3.7,0.23,2.0,3,0.48,1
たちうお,266,1113,61.6,16.5,20.9,Tr,1.0,88,290,12,29,180,0.2,0.5,0.02,0.02,52,0,0,0,0,52,14.0,1.2,0,0,0,0,0.01,0.07,3.9,0.20,0.9,2,0.56,1
たら,79,331,80.4,18.1,0.2,0.1,1.2,130,350,41,32,270,0.4,0.5,0.06,0.01,56,0,0,-,0,56,0,0.5,0,0,0,0,0.07,0.14,1.1,0.05,4.0,6,0.40,0
タラ,79,331,80.4,18.1,0.2,0.1,1.2,130,350,41,32,270,0.4,0.5,0.06,0.01,56,0,0,-,0,56,0,0.5,0,0,0,0,0.07,0.14,1.1,0.05,4.0,6,0.40,0
鱈,79,331,80.4,18.1,0.2,0.1,1.2,130,350,41,32,270,0.4,0.5,0.06,0.01,56,0,0,-,0,56,0,0.5,0,0,0,0,0.07,0.14,1.1,0.05,4.0,6,0.40,0
とびうお,96,402,76.9,21.0,0.7,0.1,1.3,64,320,13,37,340,0.5,0.8,0.06,0.01,3,0,0,0,0,3,2.0,2.3,0,0,0,0,0.01,0.10,7.1,0.47,3.3,8,0.42,1
なまず,159,665,72.0,18.4,8.6,Tr,1.0,46,320,18,23,170,0.4,0.6,0.03,0.02,70,-,-,-,7,71,4.0,6.3,Tr,0.1,0,0,0.33,0.10,1.8,0.16,2.3,10,0.81,0
にぎす,91,381,78.5,18.7,1.2,0.1,1.5,190,320,70,27,220,0.4,0.4,0.03,0.01,75,-,-,-,0,75,Tr,0.5,0,0,0,0,0.12,0.26,3.5,0.15,3.4,8,0.77,1
にしん,216,904,66.1,17.4,15.1,0.1,1.3,110,350,27,33,240,1.0,1.1,0.09,0.02,18,0,0,0,0,18,22.0,3.1,0,0,0,0,0.01,0.23,4.0,0.42,17.4,13,1.06,Tr
はぜ,83,347,79.4,19.1,0.2,0.1,1.2,93,350,42,27,190,0.2,0.6,0.02,0.10,6,0,7,4,9,7,3.0,1.0,0,0,0,0,0.04,0.04,1.4,0.07,2.7,8,0.42,1,0.03
はたはた,113,473,78.8,14.1,5.7,Tr,1.4,180,250,60,18,120,0.5,0.6,0.06,-,20,-,-,-,0,20,2.0,2.2,0,0,0,0,0.02,0.14,3.0,0.08,1.7,7,0.50,0
はも,144,602,71.0,22.3,5.3,Tr,1.4,66,450,79,29,280,0.2,0.6,0.03,0.07,59,0,0,0,0,59,5.0,1.1,0,0,0,0,0.04,0.18,3.8,0.23,1.9,21,0.46,1
バラクータ,120,502,73.8,21.7,3.0,0.1,1.4,120,460,22,34,240,0.6,0.5,0.05,0.03,55,-,-,-,0,55,2.0,1.9,0,0,0,0,0.06,0.20,7.5,0.50,6.5,4,0.85,1
ひらまさ,142,594,71.1,22.6,4.9,0.1,1.3,47,450,12,36,300,0.4,0.7,0.04,0.01,19,0,0,-,0,19,5.0,1.4,0,0,0,0,0.20,0.14,7.6,0.52,2.1,8,0.26,3
ヒラマサ,142,594,71.1,22.6,4.9,0.1,1.3,47,450,12,36,300,0.4,0.7,0.04,0.01,19,0,0,-,0,19,5.0,1.4,0,0,0,0,0.20,0.14,7.6,0.52,2.1,8,0.26,3
ヒラメ,103,431,76.8,20.0,2.0,Tr,1.2,46,440,22,26,240,0.1,0.4,0.03,0.01,12,0,0,0,0,12,3.0,0.6,0,0,0,0,0.04,0.11,5.0,0.33,1.0,16,0.82,3
ひらめ,103,431,76.8,20.0,2.0,Tr,1.2,46,440,22,26,240,0.1,0.4,0.03,0.01,12,0,0,0,0,12,3.0,0.6,0,0,0,0,0.04,0.11,5.0,0.33,1.0,16,0.82,3
ふぐ,85,356,78.9,19.3,0.3,0.2,1.3,100,430,6,25,250,0.2,0.9,0.02,0.01,3,0,0,-,0,3,4.0,0.8,0,0,0,0,0.06,0.21,5.9,0.45,1.9,3,0.36,Tr
フグ,85,356,78.9,19.3,0.3,0.2,1.3,100,430,6,25,250,0.2,0.9,0.02,0.01,3,0,0,-,0,3,4.0,0.8,0,0,0,0,0.06,0.21,5.9,0.45,1.9,3,0.36,Tr
ふな,101,423,78.0,18.2,2.5,0.1,1.2,30,340,100,23,160,1.5,1.9,0.04,0.02,12,-,-,-,0,12,4.0,1.5,0,0,0,0,0.55,0.14,2.3,0.11,5.5,14,0.69,1
ぶり,257,1075,59.6,21.4,17.6,0.3,1.1,32,380,5,26,130,1.3,0.7,0.08,0.01,50,-,-,-,0,50,8.0,2.0,0,0,0,0,0.23,0.36,9.5,0.42,3.8,7,1.01,2
ブリ,257,1075,59.6,21.4,17.6,0.3,1.1,32,380,5,26,130,1.3,0.7,0.08,0.01,50,-,-,-,0,50,8.0,2.0,0,0,0,0,0.23,0.36,9.5,0.42,3.8,7,1.01,2
はまち,256,1071,60.8,19.7,18.2,0.3,1.0,37,310,12,28,200,0.9,0.7,0.09,0.01,28,0,0,0,0,28,4.0,4.1,0,0.1,Tr,Tr,0.16,0.19,9.1,0.42,3.4,8,0.97,2
ほうぼう,122,510,74.9,19.6,4.2,Tr,1.3,110,380,42,34,200,0.4,0.5,0.04,0.05,9,-	,-,-,0,9,3.0,0.5,0,0,0,0,0.09,0.15,5.0,0.44,2.2,5,0.82,3
ホキ,84,351,80.4,17.0,1.3,Tr,1.3,160,330,20,24,160,0.3,0.4,0.02,0.01,43,-,-,-,0,43,1.0,0.9,0,0,0,0,0.03,0.16,1.3,0.07,0.7,13,0.42,0
ほっけ,142,594,71.9,18.2,6.9,0.1,2.9,680,330,160,32,300,0.5,0.9,0.05,0.03,21,0,0,0,0,21,4.0,1.1,0,0,0,0,0.09,0.23,3.1,0.16,3.9,7,0.32,2
ホッケ,142,594,71.9,18.2,6.9,0.1,2.9,680,330,160,32,300,0.5,0.9,0.05,0.03,21,0,0,0,0,21,4.0,1.1,0,0,0,0,0.09,0.23,3.1,0.16,3.9,7,0.32,2
ぼら,128,536,74.7,19.2,5.0,0.1,1.0,87,330,17,24,170,0.7,0.5,0.06,0.01,8,0,0,0,0,8,10.0,1.6,0,0,0,0,0.16,0.26,4.5,0.43,4.7,4,0.66,1
まぐろ,106,444,74.0,24.3,0.4,Tr,1.3,43,450,5,37,290,2.0,0.5,0.06,0.01,2,Tr,Tr,-,Tr,2,6.0,0.4,0,0,0,0,0.15,0.09,17.5,0.64,5.8,5,0.36,0
マグロ,106,444,74.0,24.3,0.4,Tr,1.3,43,450,5,37,290,2.0,0.5,0.06,0.01,2,Tr,Tr,-,Tr,2,6.0,0.4,0,0,0,0,0.15,0.09,17.5,0.64,5.8,5,0.36,0
むつ,189,791,69.7,16.7,12.6,Tr,1.0,85,390,25,20,180,0.5,0.4,0.03,0.01,8,-,-,-,0,8,4.0,0.9,0,0,0,0,0.03,0.16,2.4,0.10,1.9,6,0.31,Tr
めじな,125,523,74.7,19.4,4.5,0.1,1.3,91,380,27,30,240,0.3,0.9,0.03,0.01,55,0,0,-,0,55,1.0,0.8,0,0,0,0,0.05,0.38,2.7,0.16,1.8,2,0.44,0
めばる,109,456,77.2,18.1,3.5,Tr,1.2,75,350,80,27,200,0.4,0.4,0.05,-,11,-,-,-,0,11,1.0,1.5,0,0,0,0,0.07,0.17,1.6,0.11,1.5,5,0.37,2
メルルーサ,77,322,81.1,17.0,0.6,Tr,1.3,140,320,12,38,150,0.2,0.4,0.02,0.01,5,-,-,-,0,5,1.0,1.3,0,0,0,0,0.09,0.04,1.0,0.07,0.8,5,0.32,Tr
やつめうなぎ,273,1142,61.5,15.8,21.8,0.2,0.7,49,150,7,15,180,2.0,1.6,0.15,0.03,8200,0,0,0,0,8200,3.0,3.8,0,0,0,0,0.25,0.85,3.0,0.20,4.9,19,1.18,2
やまめ,119,498,75.6,18.4,4.3,0.3,1.4,50,420,85,28,280,0.5,0.8,0.04,0.01,15,-,-,-,Tr,15,8.0,2.2,0,0,0,0,0.15,0.16,3.8,0.22,6.6,13,1.48,3
わかさぎ,77,322,81.8,14.4,1.7,0.1,2.0,200,120,450,25,350,0.8,2.0,0.19,0.13,99,0,2,-,2,99,2.0,0.7,0,Tr,0,Tr,0.01,0.14,1.6,0.17,7.9,21,0.51,1
赤貝,74,310,80.4,13.5,0.3,3.5,2.3,300,290,40,55,140,5.0,1.5,0.06,-,30,-,-,-,60,35,0,0.9,0,0,0,1,0.20,0.20,2.5,0.10,59.2,20,1.02,2
あかがい,74,310,80.4,13.5,0.3,3.5,2.3,300,290,40,55,140,5.0,1.5,0.06,-,30,-,-,-,60,35,0,0.9,0,0,0,1,0.20,0.20,2.5,0.10,59.2,20,1.02,2
あげまき,48,201,87.1,8.1,0.6,2.0,2.2,600,120,66,49,120,4.1,1.5,0.40,0.20,20,0,85,-,85,27,1.0,0.8,0,0,0,0,0.30,0.14,1.3,0.04,59.4,11,0.37,1
あさり,30,126,90.3,6.0,0.3,0.4,3.0,870,140,66,100,85,3.8,1.0,0.06,0.10,2,1,21,0,22,4,0,0.4,0,0,0,Tr,0.02,0.16,1.4,0.04,52.4,11,0.39,1
あわび,73,305,81.5,12.7,0.3,4.0,1.5,330,200,20,54,100,1.5,0.7,0.36,0.02,0,0,17,-,17,1,0,0.5,0,0,0,23,0.10,0.09,1.0,0.02,0.4,22,1.90
いがい,70,293,82.9,10.3,1.4,3.2,2.2,540,230,43,73,160,3.5,1.0,0.05,0.86,34,-,-,-,Tr,34,0,1.1,0,0,0,Tr,0.01,0.37,1.4,0.02,10.3,42,0.63,5
いたやがい,59,247,84.9,10.8,0.8,1.5,2.0,450,260,48,74,170,2.0,6.1,0.10,4.90,5,0,9,-,9,6,0,0.4,0,0,0,0,0,0.20,1.4,0.07,13.1,14,0.24,Tr
エスカルゴ,82,343,79.9,16.5,1.0,0.8,1.8,260,5,400,37,130,3.9,1.5,3.07,0.38,0,-,-,-,-,0,0,0.6,0,0,0,5,0,0.09,0,0,0.6,1,0,0
かき,60,251,85.0,6.6,1.4,4.7,2.3,520,190,88,74,100,1.9,13.2,0.89,0.38,22,0,6,0,6,22,0,1.2,0,0,0,0,0.04,0.14,1.4,0.08,28.1,40,0.59,3
カキ,60,251,85.0,6.6,1.4,4.7,2.3,520,190,88,74,100,1.9,13.2,0.89,0.38,22,0,6,0,6,22,0,1.2,0,0,0,0,0.04,0.14,1.4,0.08,28.1,40,0.59,3
牡蠣,60,251,85.0,6.6,1.4,4.7,2.3,520,190,88,74,100,1.9,13.2,0.89,0.38,22,0,6,0,6,22,0,1.2,0,0,0,0,0.04,0.14,1.4,0.08,28.1,40,0.59,3
サザエ,89,372,78.0,19.4,0.4,0.8,1.4,240,250,22,54,140,0.8,2.2,0.39,0.02,Tr,44,340,11,360,31,0,2.3,0,0,0,3,0.04,0.09,1.7,0.05,1.3,16,0.24,1
さざえ,89,372,78.0,19.4,0.4,0.8,1.4,240,250,22,54,140,0.8,2.2,0.39,0.02,Tr,44,340,11,360,31,0,2.3,0,0,0,3,0.04,0.09,1.7,0.05,1.3,16,0.24,1
しじみ,51,213,88.3,5.6,1.0,4.3,0.8,73,66,130,12,86,5.3,2.1,0.42,1.50,14,12,110,0,120,24,0,1.6,Tr,0,0,1,0.03,0.25,1.0,0.09,62.4,17,0.38,1
たいらがい,100,418,75.2,21.8,0.2,1.5,1.3,260,260,16,36,150,0.6,4.3,0.01,0.03,Tr,-,-,-,Tr,Tr,0,0.8,0,0,0,0,0.01,0.09,1.5,0.06,-,25,0.51,2
たにし,80,335,78.8,13.0,1.1,3.6,3.5,23,70,1300,77,140,19.4,6.2,1.90,2.10,15,-,-,-,960,95,0,0.5,0,0,0,1,0.11,0.32,2.0,0.05,17.8,28,0.52,Tr
つぶ貝,86,360,78.2,17.8,0.2,2.3,1.5,380,160,60,92,120,1.3,1.2,0.06,0.04,0,-,-,-,19,2,0,1.8,0,0,0,0,Tr,0.12,0.9,0.11,6.5,15,0.59,Tr
つぶがい,86,360,78.2,17.8,0.2,2.3,1.5,380,160,60,92,120,1.3,1.2,0.06,0.04,0,-,-,-,19,2,0,1.8,0,0,0,0,Tr,0.12,0.9,0.11,6.5,15,0.59,Tr
とこぶし,84,351,78.9,16.0,0.4,3.0,1.7,260,250,24,55,160,1.8,1.4,0.30,0.06,0,7,54,0,58,5,0,1.3,0,0,0,0,0.15,0.14,1.7,0.07,3.2,24,1.57,1
トップシェル,99,414,74.0,16.3,0.8,6.6,2.3,690,80,50,49,130,2.9,2.2,0.83,0.29,Tr,-,-,-,100,8,0,1.3,0,0,0,0,0.02,0.04,0.3,Tr,11.5,2,0.21,0
とりがい,86,360,78.6,12.9,0.3,6.9,1.3,100,150,19,43,120,2.9,1.6,0.05,0.11,Tr,-,-,-,Tr,Tr,0,1.2,0,0,0,0,0.16,0.06,1.7,0.04,10.1,18,1.10,1 
ばかがい,87,364,78.5,16.3,0.6,3.1,1.5,220,320,44,84,160,0.7,1.3,0.09,0.04,0,-,-,-,10,1,0,2.2,0,0,0,0,0.03,0.14,1.3,0.11,4.3,14,1.02,2
蛤,38,159,88.8,6.1,0.5,1.8,2.8,780,160,130,81,96,2.1,1.7,0.10,0.14,7,0,25,-,25,9,0,0.5,0,0,0,Tr,0.08,0.16,1.1,0.08,28.4,20,0.37,1
はまぐり,38,159,88.8,6.1,0.5,1.8,2.8,780,160,130,81,96,2.1,1.7,0.10,0.14,7,0,25,-,25,9,0,0.5,0,0,0,Tr,0.08,0.16,1.1,0.08,28.4,20,0.37,1
ハマグリ,38,159,88.8,6.1,0.5,1.8,2.8,780,160,130,81,96,2.1,1.7,0.10,0.14,7,0,25,-,25,9,0,0.5,0,0,0,Tr,0.08,0.16,1.1,0.08,28.4,20,0.37,1
ほたてがい,72,301,82.3,13.5,0.9,1.5,1.8,320,310,22,59,210,2.2,2.7,0.13,0.12,10,1,150,0,150,23,0,0.9,0,0,0,1,0.05,0.29,1.7,0.07,11.4,87,0.66,3
ほたて,72,301,82.3,13.5,0.9,1.5,1.8,320,310,22,59,210,2.2,2.7,0.13,0.12,10,1,150,0,150,23,0,0.9,0,0,0,1,0.05,0.29,1.7,0.07,11.4,87,0.66,3
ホタテ,72,301,82.3,13.5,0.9,1.5,1.8,320,310,22,59,210,2.2,2.7,0.13,0.12,10,1,150,0,150,23,0,0.9,0,0,0,1,0.05,0.29,1.7,0.07,11.4,87,0.66,3
帆立,72,301,82.3,13.5,0.9,1.5,1.8,320,310,22,59,210,2.2,2.7,0.13,0.12,10,1,150,0,150,23,0,0.9,0,0,0,1,0.05,0.29,1.7,0.07,11.4,87,0.66,3
ほっきがい,73,305,82.1,11.1,1.1,3.8,1.9,250,260,62,75,160,4.4,1.8,0.15,0.11,6,-,-,-,10,7,0,1.4,0,0,0,0,0.01,0.16,1.9,0.12,47.5,45,0.20,2
ミル貝,82,343,78.9,18.3,0.4,0.3,2.1,330,420,55,75,160,3.3,1.0,0.04,0.16,Tr,-,-,-,Tr,Tr,0,0.6,0,0,0,0,Tr,0.14,2.0,0.05,9.1,13,0.64,1
もがい,135,565,66.1,15.9,2.2,12.9,2.9,870,55,60,41,140,11.3,4.1,0.13,1.39,Tr,-,-,-,90,8,0,2.5,0,0,0,0,0.01,0.07,1.6,0.04,24.9,11,0.19,0
あまえび,87,364,78.2,19.8,0.3,0.1,1.6,300,310,50,42,240,0.1,1.0,0.44,0.02,3,0,0,0,0,3,0,3.4,0,0,0,0,0.02,0.03,1.1,0.04,2.4,25,0.21,Tr
甘エビ,87,364,78.2,19.8,0.3,0.1,1.6,300,310,50,42,240,0.1,1.0,0.44,0.02,3,0,0,0,0,3,0,3.4,0,0,0,0,0.02,0.03,1.1,0.04,2.4,25,0.21,Tr
いせえび,92,385,76.6,20.9,0.4,Tr,2.1,350,400,37,39,330,0.1,1.8,0.65,0.02,0,0,0,0,0,0,0,3.8,0,0,0,0,0.01,0.03,2.1,0.14,0.3,15,0.41,1
くるまえび,97,406,76.1,21.6,0.6,Tr,1.7,170,430,41,46,310,0.5,1.4,0.42,0.02,0,0,49,0,49,4,0,1.8,0,0,0,0,0.11,0.06,3.8,0.12,1.9,23,1.11,Tr
車エビ,97,406,76.1,21.6,0.6,Tr,1.7,170,430,41,46,310,0.5,1.4,0.42,0.02,0,0,49,0,49,4,0,1.8,0,0,0,0,0.11,0.06,3.8,0.12,1.9,23,1.11,Tr
さくらえび,91,381,75.6,18.2,1.5,Tr,4.7,830,250,690,92,360,0.5,1.4,2.05,0.09,6,0,3,0,3,7,0,2.8,0,0,0,0,0.10,0.08,1.1,0.09,4.3,41,0.37,0
桜えび,91,381,75.6,18.2,1.5,Tr,4.7,830,250,690,92,360,0.5,1.4,2.05,0.09,6,0,3,0,3,7,0,2.8,0,0,0,0,0.10,0.08,1.1,0.09,4.3,41,0.37,0
ブラックタイガー,82,343,79.9,18.4,0.3,0.3,1.1,150,230,67,36,210,0.2,1.4,0.39,0.02,1,0,0,-,0,1,0,1.4,0,0.1,0,0,0.07,0.03,2.6,0.07,0.9,15,0.59,Tr
しばえび,83,347,79.3,18.7,0.4,0.1,1.5,250,260,56,30,270,1.0,1.0,0.35,0.11,3,0,20,0,20,4,0,1.7,0,0,0,0,0.02,0.06,2.2,0.10,1.1,57,0.38,2
毛がに,83,347,79.2,18.4,0.5,0.2,1.7,240,280,66,39,200,0.6,3.8,0.46,0.02,Tr,-,-,-,0,Tr,0,3.7,0,0,0,0,0.07,0.23,2.4,0.13,2.5,10,0.40,Tr
毛ガニ,83,347,79.2,18.4,0.5,0.2,1.7,240,280,66,39,200,0.6,3.8,0.46,0.02,Tr,-,-,-,0,Tr,0,3.7,0,0,0,0,0.07,0.23,2.4,0.13,2.5,10,0.40,Tr
ずわいがに,69,289,82.5,15.0,0.6,0.1,1.8,240,240,120,55,150,0.7,3.1,0.56,0.02,Tr,-,-,-,0,Tr,0,2.6,0,0,0,0,0.21,0.57,6.1,0.11,7.2,9,0.54,Tr
ズワイガニ,69,289,82.5,15.0,0.6,0.1,1.8,240,240,120,55,150,0.7,3.1,0.56,0.02,Tr,-,-,-,0,Tr,0,2.6,0,0,0,0,0.21,0.57,6.1,0.11,7.2,9,0.54,Tr
たらばがに,80,335,80.0,17.5,0.5,0.3,1.7,310,230,48,51,190,0.2,4.2,0.41,0.04,0,0,8,0,8,1,0,3.0,0,0,0,0,0.07,0.06,1.8,0.13,9.9,15,0.48,Tr
タラバガニ,80,335,80.0,17.5,0.5,0.3,1.7,310,230,48,51,190,0.2,4.2,0.41,0.04,0,0,8,0,8,1,0,3.0,0,0,0,0,0.07,0.06,1.8,0.13,9.9,15,0.48,Tr
あかいか,89,372,79.3,17.9,1.4,Tr,1.4,200,330,12,46,280,0.1,1.2,0.21,0.02,4,0,0,0,0,4,0,2.2,0,0,0,0,0.01,0.02,2.1,0.10,2.3,2,0.31,1
けんさきいか,84,351,80.0,17.5,1.0,0.1,1.4,210,330,12,46,260,0.1,1.3,0.16,0.02,7,0,0,0,0,7,0,1.6,0,0,0,0,0.01,0.02,2.5,0.11,2.5,4,0.28,2
こういか,	66,276,83.4,14.9,0.3,0.1,1.3,280,220,17,48,170,0.1,1.5,0.45,0.02,5,Tr,Tr,-,Tr,5,0,2.2,Tr,Tr,Tr,0,0.03,0.05,1.3,0.06,1.4,3,0.52,1
するめいか,88,368,79.0,18.1,1.2,0.2,1.5,300,270,14,54,250,0.1,1.5,0.34,0.01,13,0,0,0,0,13,0,2.1,0,0.1,0,0,0.05,0.04,4.2,0.20,6.5,5,0.54,1
ほたるいか,84,351,83.0,11.8,3.5,0.2,1.5,270,290,14,39,170,0.8,1.3,3.42,0.05,1500,-,-,-,Tr,1500,0,4.3,0,0.1,0,Tr,0.19,0.27,2.6,0.15,14.0,34,1.09,5
やりいか,	85,356,79.7,17.6,1.0,0.4,1.3,170,300,10,42,280,0.1,1.2,0.25,0.02,8,0,0,0,0,8,0,1.4,0,0,0,0,0.04,0.03,3.5,0.10,1.1,5,0.27,2
いか,89,372,79.3,17.9,1.4,Tr,1.4,200,330,12,46,280,0.1,1.2,0.21,0.02,4,0,0,0,0,4,0,2.2,0,0,0,0,0.01,0.02,2.1,0.10,2.3,2,0.31,1
イカ,89,372,79.3,17.9,1.4,Tr,1.4,200,330,12,46,280,0.1,1.2,0.21,0.02,4,0,0,0,0,4,0,2.2,0,0,0,0,0.01,0.02,2.1,0.10,2.3,2,0.31,1
いいだこ,70,293,83.2,14.6,0.8,0.1,1.3,250,200,20,43,190,2.2,3.1,2.96,0.06,35,0,9,0,9,36,0,2.7,0,0,0,0,0.01,0.08,3.2,0.11,2.0,37,0.70,1
まだこ,99,414,76.2,21.7,0.7,0.1,1.3,230,240,19,52,120,0.2,1.8,0.43,0.04,5,0,0,0,0,5,0,1.9,0,0,0,0,0.03,0.05,1.9,0.07,1.2,2,0.17,Tr	
たこ,99,414,76.2,21.7,0.7,0.1,1.3,230,240,19,52,120,0.2,1.8,0.43,0.04,5,0,0,0,0,5,0,1.9,0,0,0,0,0.03,0.05,1.9,0.07,1.2,2,0.17,Tr	
タコ,99,414,76.2,21.7,0.7,0.1,1.3,230,240,19,52,120,0.2,1.8,0.43,0.04,5,0,0,0,0,5,0,1.9,0,0,0,0,0.03,0.05,1.9,0.07,1.2,2,0.17,Tr	
あみ,65,272,63.7,12.9,1.1,0.8,21.5,7800,280,460,82,270,0.5,0.8,0.70,0.13,65,0,0,0,0,65,0,2.4,0,0,0,0,0.07,0.07,1.8,0.09,2.7,22,0.61,0
うに,120,502,73.8,16.0,4.8,3.3,2.1,220,340,12,27,390,0.9,2.0,0.05,0.05,0,63,650,23,700,58,0,3.6,0,Tr,0,27,0.10,0.44,1.1,0.15,1.3,360,0.72,3
おきあみ,94,393,78.5,15.0,3.2,0.2,3.1,420,320,360,85,310,0.8,1.0,2.30,0.15,180,-,-,-,16,180,0,2.5,0,0,0,0,0.15,0.26,1.9,0.09,6.2,49,0.50,2
くらげ,22,92,94.2,5.2,0.1,Tr,0.5,110,1,2,4,26,0.3,Tr,0.06,Tr,0,0,0,0,0,0,0,0,0,0,0,0,Tr,0.01,0,0,0.2,3,0,0
しゃこ,98,410,77.2,19.2,1.7,0.2,1.7,310,230,88,40,250,0.8,3.3,3.46,0.13,180,0,15,0,15,180,0,2.8,0,0,0,0,0.26,0.13,1.2,0.06,12.9,15,0.30,0
なまこ,23,96,92.2,4.6,0.3,0.5,2.4,680,54,72,160,25,0.1,0.2,0.04,0.03,0,0,5,0,5,Tr,0,0.4,0,0,0,0,0.05,0.02,0.1,0.04,2.3,4,0.71,0
ほや,30,126,88.8,5.0,0.8,0.8,4.6,1300,570,32,41,55,5.7,5.3,0.19,-,Tr,-,-,-,0,Tr,0,1.2,0,0,0,0,0.01,0.13,0.5,0.02,3.8,32,0.33,3
かに風味かまぼこ,90,377,75.6,12.1,0.5,9.2,2.6,850,76,120,19,77,0.2,0.2,0.04,0.02,21,0,0,-,0,21,1.0,0.9,0,0.4,0.3,0,0.01,0.04,0.2,0.01,0.7,3,0.08,1
かまぼこ,95,397,74.4,12.0,0.9,9.7,3.0,1000,110,25,14,60,0.3,0.2,0.03,0.03,Tr,-,-,-,0,Tr,2.0,0.2,0,0,0,0,Tr,0.01,0.5,0.01,0.3,5,0,0
つみれ,113,473,75.4,12.0,4.3,6.5,1.8,570,180,60,17,120,1.0,0.6,0.06,0.06,Tr,-,-,-,0,Tr,5.0,0.2,0,0.1,0.3,0,0.02,0.20,4.5,0.09,2.2,3,0.15,0
なると,80,335,77.8,7.6,0.4,11.6,2.6,800,160,15,11,110,0.5,0.2,0.01,0.02,Tr,-,-,-,0,Tr,Tr,0.1,0,0,0,0,Tr,0.01,0.7,Tr,0.4,1,0.04,0
はんぺん,94,393,75.7,9.9,1.0,11.4,2.0,590,160,15,13,110,0.5,0.1,0.02,0.01,Tr,-,-,-,0,Tr,Tr,0.4,0,0.7,0.2,0,Tr,0.01,0.7,0.07,0.4,7,0.10,0
さつま揚げ,139,582,67.5,12.5,3.7,13.9,2.4,730,60,60,14,70,0.8,0.3,0.08,0.04,Tr,-,-,-,0,Tr,1.0,0.4,Tr,0.6,0.3,0,0.05,0.10,0.5,0.02,1.2,5,0.04,0
魚肉ハム,158,661,66.0,13.4,6.7,11.1,2.8,900,110,45,15,50,1.0,0.7,0.06,0.11,Tr,-,-,-,0,Tr,1.6,0.6,0.1,0.6,0.2,0,0.20,0.60,5.0,0.05,0.4	5,0.21	0     
魚肉ソーセージ,161,674,66.1,11.5,7.2,12.6,2.6,810,70,100,11,200,1.0,0.4,0.06,0.11,Tr,-,-,-,0,Tr,0.9,0.2,0,0.1,0,0,0.20,0.60,5.0,0.02,0.3,4,0.06,0
牛肩,286,1197,58.8,17.7,22.3,0.3,0.9,47,280,4,19,150,0.9,4.9,0.07,0,Tr,-,-,-,Tr,Tr,0,0.4,0,Tr,0,7,0.08,0.21,4.3,0.32,1.5,6,1.00,1 
牛肩ロース,411,1720,47.9,13.8,37.4,0.2,0.7,42,210,3,14,120,0.7,4.6,0.06,0.01,3,-,-,-,1,3,0,0.5,0,Tr,0,8,0.06,0.17,3.2,0.18,1.1,6,0.90,1
リブロース,468,1958,42.5,12.7,44.0,0.2,0.6,36,200,3,13,100,0.8,3.6,0.05,0.01,3,0,1,0,1,3,Tr,0.6,0,Tr,0,9,0.05,0.13,3.2,0.19,0.9,4,0.73,1
サーロイン,498,2084,40.0,11.7,47.5,0.3,0.5,32,180,3,12,100,0.9,2.8,0.05,0,3,-,-,-,1,3,0,0.6,0,0.1,0,10,0.05,0.12,3.6,0.23,1.1,5,0.66,1
牛ばら,517,2163,38.4,11.0,50.0,0.1,0.5,44,160,4,10,87,1.4,3.0,0.09,0,3,-,-,-,Tr,3,0,0.6,0,0.1,0,16,0.04,0.11,3.1,0.16,1.2,2,0.74,1
牛肉,517,2163,38.4,11.0,50.0,0.1,0.5,44,160,4,10,87,1.4,3.0,0.09,0,3,-,-,-,Tr,3,0,0.6,0,0.1,0,16,0.04,0.11,3.1,0.16,1.2,2,0.74,1
牛バラ,517,2163,38.4,11.0,50.0,0.1,0.5,44,160,4,10,87,1.4,3.0,0.09,0,3,-,-,-,Tr,3,0,0.6,0,0.1,0,16,0.04,0.11,3.1,0.16,1.2,2,0.74,1
牛もも,246,1029,62.2,18.9,17.5,0.5,0.9,44,310,4,22,160,1.0,4.0,0.07,0.01,Tr,0,0,0,0,Tr,0,0.2,0,Tr,0,6,0.09,0.20,5.6,0.34,1.2,8,1.07,1
牛モモ,246,1029,62.2,18.9,17.5,0.5,0.9,44,310,4,22,160,1.0,4.0,0.07,0.01,Tr,0,0,0,0,Tr,0,0.2,0,Tr,0,6,0.09,0.20,5.6,0.34,1.2,8,1.07,1
牛ランプ,347,1452,53.8,15.1,29.9,0.4,0.8,40,260,3,17,150,1.4,3.8,0.08,0,2,-,-,-,0,2,0,0.5,0,Tr,0,10,0.08,0.19,4.3,0.33,1.2,7,1.22,1
牛ひれ,223,933,64.6,19.1,15.0,0.3,1.0,40,340,3,22,180,2.5,4.2,0.09,0.01,1,-,-,-,Tr,1,0,0.4,0,0,0,4,0.09,0.24,4.3,0.37,1.6,8,1.28,1
牛ヒレ,223,933,64.6,19.1,15.0,0.3,1.0,40,340,3,22,180,2.5,4.2,0.09,0.01,1,-,-,-,Tr,1,0,0.4,0,0,0,4,0.09,0.24,4.3,0.37,1.6,8,1.28,1
牛ひき肉,224,937,64.5,19.0,15.1,0.5,0.9,49,310,4,20,170,2.3,4.3,0.08,Tr,4,0,2,0,2,4,0.1,0.5,0,Tr,0,5,0.08,0.20,4.7,0.36,1.5,7,0.99,1
ローストビーフ,196,820,64.0,21.7,11.7,0.9,1.7,310,260,6,24,200,2.3,4.1,0.10,0.01,Tr,-,-,-,Tr,Tr,0.1,0.3,0,0,0,4,0.08,0.25,6.3,0.47,1.6,9,0.98,0
馬肉,110,460,76.1,20.1,2.5,0.3,1.0,50,300,11,18,170,4.3,2.8,0.11,-,9,-,-,-,Tr,9,-,0.9,0,0,0,2,0.10,0.24,5.8,0.02,7.1,4,1.01,1
くじら,106,444,74.3,24.1,0.4,0.2,1.0,62,260,3,29,210,2.5,1.1,0.06,0.01,7,-,-,-,0,7,0.1,0.6,Tr,Tr,Tr,Tr,0.06,0.23,11.9,0.46,2.0,4,0.31,1
鹿肉,110,460,74.6,22.3,1.5,0.5,1.1,58,350,4,26,200,3.1,3.1,0.18,0.02,3,-,-,-,0,3,Tr,0.5,0,0,0,4,0.21,0.35,8.0,0.54,0.6,1,0.81,1
豚肩,216,904,65.7,18.5,14.6,0.2,1.0,53,320,4,21,180,0.5,2.7,0.09,0.01,5,-,-,-,0,5,0.2,0.3,0,Tr,0,1,0.66,0.23,4.9,0.32,0.4,2,1.16,2
豚肩ロース,253,1059,62.6,17.1,19.2,0.1,1.0,54,300,4,18,160,0.6,2.7,0.09,0.01,6,-,-,-,0,6,0.3,0.4,0,Tr,0,2,0.63,0.23,3.6,0.28,0.5,2,1.18,2
豚ロース,263,100,60.4,19.3,19.2,0.2,0.9,42,310,4,22,180,0.3,1.6,0.05,0.01,6,-,-,-,0,6,0.1,0.3,0,Tr,0,3,0.69,0.15,7.3,0.32,0.3,1,0.98,1
豚肉,386,1615,50.4,14.2,34.6,0.1,0.7,47,250,3,15,140,0.6,1.8,0.05,0.01,10,-,-,-,Tr,10,0.4,0.6,0,0.1,0,4,0.54,0.13,4.6,0.21,0.4,2,0.79,2
豚ばら,386,1615,50.4,14.2,34.6,0.1,0.7,47,250,3,15,140,0.6,1.8,0.05,0.01,10,-,-,-,Tr,10,0.4,0.6,0,0.1,0,4,0.54,0.13,4.6,0.21,0.4,2,0.79,2
豚バラ,386,1615,50.4,14.2,34.6,0.1,0.7,47,250,3,15,140,0.6,1.8,0.05,0.01,10,-,-,-,Tr,10,0.4,0.6,0,0.1,0,4,0.54,0.13,4.6,0.21,0.4,2,0.79,2
豚もも,183,766,68.1,20.5,10.2,0.2,1.0,47,350,4,24,200,0.7,2.0,0.08,0.01,4,-,-,-,0,4,0.1,0.3,0,Tr,0,2,0.90,0.21,6.2,0.31,0.3,2,0.84,1
豚モモ,183,766,68.1,20.5,10.2,0.2,1.0,47,350,4,24,200,0.7,2.0,0.08,0.01,4,-,-,-,0,4,0.1,0.3,0,Tr,0,2,0.90,0.21,6.2,0.31,0.3,2,0.84,1
豚ひれ,115,481,73.9,22.8,1.9,0.2,1.2,44,410,4,28,230,1.1,2.1,0.09,0.01,2,-,-,-,Tr,2,0,0.2,0,0,0,Tr,0.98,0.27,5.3,0.42,0.3,1,1.05,1
豚ヒレ,115,481,73.9,22.8,1.9,0.2,1.2,44,410,4,28,230,1.1,2.1,0.09,0.01,2,-,-,-,Tr,2,0,0.2,0,0,0,Tr,0.98,0.27,5.3,0.42,0.3,1,1.05,1
豚ひき肉,112,469,74.2,22.7,1.7,0.1,1.3,48,400,4,28,220,1.2,2.3,0.09,0.02,2,-,-,-,Tr,2,0,0.3,0,0,0,0,1.22,0.25,5.4,0.48,0.2,1,0.90,1
ボンレスハム,118,494,72.0,18.7,4.0,1.8,3.5,1100,260,8,20,340,0.7,1.6,0.07,0.01,Tr,-,-,-,0,Tr,0.6,0.2,0,Tr,Tr,2,0.90,0.28,6.5,0.24,1.3,1,0.70,49
ロースハム,196,820,65.0,16.5,13.9,1.3,3.3,1000,260,10,19,340,0.5,1.1,0.07,-,Tr,-,-,-,0,Tr,0.6,0.3,0,0,0,3,0.60,0.12,6.6,0.23,0.4,2,0.57,50
ハム,196,820,65.0,16.5,13.9,1.3,3.3,1000,260,10,19,340,0.5,1.1,0.07,-,Tr,-,-,-,0,Tr,0.6,0.3,0,0,0,3,0.60,0.12,6.6,0.23,0.4,2,0.57,50
生ハム,247,1033,55.0,24.0,16.6,0.5,3.9,1100,470,6,27,200,0.7,2.2,0.08,0.02,5,-,-,-,0,5,0.3,0.3,0,0.1,0,7,0.92,0.18,9.9,0.43,0.4,3,1.36,18
ベーコン,405,1695,45.0,12.9,39.1,0.3,2.7,800,210,6,18,230,0.6,1.8,0.08,-,6,-,-,-,0,6,0.5,0.6,Tr,0,0,1,0.47,0.14,3.0,0.18,0.7,1,0.64,35
ウインナー,321,1343,53.0,13.2,28.5,3.0,2.3,730,180,7,13,190,0.8,1.4,0.07,-,Tr,-,-,-,0,Tr,0.5,0.3,Tr,0.1,0,1,0.26,0.13,3.6,0.10,1.1,1,0.72,10
マトン,236,987,64.2,17.9,17.0,0.1,0.8,55,220,5,16,120,2.3,2.9,0.08,0.01,12,-,-,-,0,12,-,0.6,0,0,0,6,0.06,0.22,3.8,0.13,2.0,1,0.72,1
ラム,233,975,64.8,17.1,17.1,0.1,0.9,70,310,4,23,120,2.2,5.0,0.13,-,8,-,-,-,0,8,0.9,0.5,0,0,0,23,0.13,0.26,4.2,0.12,2.0,2,0.94,1
あいがも,333,1393,56.0,14.2,29.0,0.1,0.7,62,220,5,16,130,1.9,1.4,0.26,0.02,46,-,-,-,0,46,1.0,0.2,0,0.2,0,21,0.24,0.35,3.8,0.32,1.1,2,1.67,1
合鴨,333,1393,56.0,14.2,29.0,0.1,0.7,62,220,5,16,130,1.9,1.4,0.26,0.02,46,-,-,-,0,46,1.0,0.2,0,0.2,0,21,0.24,0.35,3.8,0.32,1.1,2,1.67,1
あひる,450,1883,44.7,12.2,42.3,0.1,0.7,47,300,15,15,85,1.8,1.2,0.17,0.02,150,-,-,-,Tr,150,32.5,0.2,Tr,0.1,0,8,0.22,0.30,3.5,0.33,0.6,2,1.13,2
アヒル,450,1883,44.7,12.2,42.3,0.1,0.7,47,300,15,15,85,1.8,1.2,0.17,0.02,150,-,-,-,Tr,150,32.5,0.2,Tr,0.1,0,8,0.22,0.30,3.5,0.33,0.6,2,1.13,2
かも,128,536,72.1,23.6,3.0,0.1,1.2,72,400,5,27,260,4.3,1.4,0.36,0.03,15,-,-,-,Tr,15,3.1,Tr,0,0,0,14,0.40,0.69,9.3,0.61,3.5,3,2.17,1
鴨,128,536,72.1,23.6,3.0,0.1,1.2,72,400,5,27,260,4.3,1.4,0.36,0.03,15,-,-,-,Tr,15,3.1,Tr,0,0,0,14,0.40,0.69,9.3,0.61,3.5,3,2.17,1
七面鳥,106,444,74.6,23.5,0.7,0.1,1.1,37,190,8,29,140,1.1,0.8,0.05,0.02,Tr,-,-,-,Tr,Tr,0.1,Tr,0,0,0,18,0.07,0.24,7.0,0.72,0.6,10,1.51,2
手羽先,195,816,66.0,23.0,10.4,0,0.6,44,120,16,14,100,1.2,1.7,0.05,0.01,60,-,-,-,Tr,60,0.1,0.1,0,0.1,0,70,0.04,0.11,3.3,0.20,0.7,10,1.33,1
とりむね,121,506,72.8,24.4,1.9,0,0.9,34,210,5,26,150,0.4,0.7,0.05,0.01,50,-,-,-,Tr,50,0,0.1,0,0,0,20,0.06,0.10,8.4,0.47,0.2,5,1.13,1
鶏むね,121,506,72.8,24.4,1.9,0,0.9,34,210,5,26,150,0.4,0.7,0.05,0.01,50,-,-,-,Tr,50,0,0.1,0,0,0,20,0.06,0.10,8.4,0.47,0.2,5,1.13,1
鶏ムネ,121,506,72.8,24.4,1.9,0,0.9,34,210,5,26,150,0.4,0.7,0.05,0.01,50,-,-,-,Tr,50,0,0.1,0,0,0,20,0.06,0.10,8.4,0.47,0.2,5,1.13,1
鶏胸,121,506,72.8,24.4,1.9,0,0.9,34,210,5,26,150,0.4,0.7,0.05,0.01,50,-,-,-,Tr,50,0,0.1,0,0,0,20,0.06,0.10,8.4,0.47,0.2,5,1.13,1
鶏肉,253,1059,62.9,17.3,19.1,0,0.7,42,160,8,16,110,0.9,1.7,0.07,0.01,47,-,-,-,Tr,47,0.1,0.1,0,0.1,0,62,0.07,0.23,3.8,0.17,0.5,6,1.57,1
とりもも,253,1059,62.9,17.3,19.1,0,0.7,42,160,8,16,110,0.9,1.7,0.07,0.01,47,-,-,-,Tr,47,0.1,0.1,0,0.1,0,62,0.07,0.23,3.8,0.17,0.5,6,1.57,1
とりモモ,253,1059,62.9,17.3,19.1,0,0.7,42,160,8,16,110,0.9,1.7,0.07,0.01,47,-,-,-,Tr,47,0.1,0.1,0,0.1,0,62,0.07,0.23,3.8,0.17,0.5,6,1.57,1
鶏モモ,253,1059,62.9,17.3,19.1,0,0.7,42,160,8,16,110,0.9,1.7,0.07,0.01,47,-,-,-,Tr,47,0.1,0.1,0,0.1,0,62,0.07,0.23,3.8,0.17,0.5,6,1.57,1
ささみ,105,439,75.0,23.0,0.8,0,1.2,33,420,3,31,220,0.2,0.6,0.03,0.01,5,-,-,-,Tr,5,0,0.2,0,0.1,0,14,0.09,0.11,11.8,0.60,0.1,10,3.08,2
ササミ,105,439,75.0,23.0,0.8,0,1.2,33,420,3,31,220,0.2,0.6,0.03,0.01,5,-,-,-,Tr,5,0,0.2,0,0.1,0,14,0.09,0.11,11.8,0.60,0.1,10,3.08,2
鶏ひき肉,166,695,69.8,20.9,8.3,0,1.0,60,270,11,26,90,1.2,0.7,0.04,0.01,40,-,-,-,Tr,40,0,0.2,0,0.1,0,16,0.10,0.21,6.4,0.68,0.2,7,1.36,Tr
フォアグラ,510,2134,39.7,8.3,49.9,1.5,0.6,44,130,3,10,150,2.7,1.0,1.85,0.05,1000,-,-,-,0,1000,0.9,0.3,0,Tr,0,6,0.27,0.81,2.4,0.30,7.6,220,4.38,7
すっぽん,197,824,69.1,16.4,13.4,0.5,0.6,69,150,18,10,88,0.9,1.6,0.04,0.02,94,-,-,-,Tr,94,3.6,1.0,0,0.2,0,5,0.91,0.41,3.0,0.11,1.2,16,0.20,1
うこっけい,176,736,73.7,12.0,13.0,0.4,0.9,140,150,53,11,220,2.2,1.6,0.08,0.04,160,-,-,-,26,160,1.0,1.3,0,0.5,0,4,0.10,0.32,0.1,0.10,1.1,6,1.78,0
うずら,179,749,72.9,12.6,13.1,0.3,1.1,130,150,60,11,220,3.1,1.8,0.11,0.03,350,0,9,14,16,350,2.5,0.9,0,0.4,0,15,0.14,0.72,0.1,0.13,4.7,91,0.98,0
卵,151,632,76.1,12.3,10.3,0.3,1.0,140,130,51,11,180,1.8,1.3,0.08,0.02,140,0,3,28,17,150,1.8,1.0,Tr,0.6,Tr,13,0.06,0.43,0.1,0.08,0.9,43,1.45,0
たまご,151,632,76.1,12.3,10.3,0.3,1.0,140,130,51,11,180,1.8,1.3,0.08,0.02,140,0,3,28,17,150,1.8,1.0,Tr,0.6,Tr,13,0.06,0.43,0.1,0.08,0.9,43,1.45,0
タマゴ,151,632,76.1,12.3,10.3,0.3,1.0,140,130,51,11,180,1.8,1.3,0.08,0.02,140,0,3,28,17,150,1.8,1.0,Tr,0.6,Tr,13,0.06,0.43,0.1,0.08,0.9,43,1.45,0
卵黄,386,1615,48.0,16.7,33.3,0.2,1.8,46,90,150,13,570,5.9,4.2,0.22,0.08,440,0,9,86,52,450,5.9,3.4,0.1,2.1,0.1,38,0.19,0.51,0,0.24,2.9,110,4.08,0
卵白,47,197,88.4,10.5,Tr,0.4,0.7,180,140,6,11,11,0,Tr,0.02,Tr,0,0,0,0,0,0,0,0,0,0,0,1,0,0.39,0.1,0,0,0,0.18,0
牛乳,67,280,87.4,3.3,3.8,4.8,0.7,41,150,110,10,93,Tr,0.4,0.01,Tr,38,0,6,0,6,38,0.3,0.1,0,0,0,2,0.04,0.15,0.1,0.03,0.3,5,0.55,1
脱脂乳,33,138,91.1,3.4,0.1,4.7,0.7,50,150,100,10,95,0.1,0.4,0.01,Tr,Tr,-,-,-,Tr,Tr,Tr,Tr,0,0,0,Tr,0.04,0.15,0.1,0.04,0.6,Tr,0.59,2
全粉乳,500,2092,3.0,25.5,26.2,39.3,6.0,430,1800,890,92,730,0.4,2.5,0.04,0.02,170,-,-,-,70,180,0.2,0.6,0,0,0,8,0.25,1.10,0.8,0.13,1.6,2,3.59,5
脱脂粉乳,359,1502,3.8,34.0,1.0,53.3,7.9,570,1800,1100,110,1000,0.5,3.9,0.10,-,6,-,-,-,Tr,6,Tr,Tr,0,0,0,Tr,0.30,1.60,1.1,0.27,1.8,1,4.17,5
調整粉乳,514,2151,2.6,12.4,26.8,55.9,2.3,140,500,370,40,220,6.5,2.8,0.34,0.05,560,-,-,-,85,560,9.3,5.5,0,0,0,24,0.41,0.72,5.4,0.35,1.6,82,2.20,53
練乳,331,1385,25.7,7.8,8.3,56.3,1.9,150,400,300,25,240,0.2,0.8,0.02,0.01,55,-,-,-,24,57,0.1,0.2,0,Tr,0,3,0.08,0.40,0.2,0.02,0.7,1,1.29,2
クリーム,433,1812,49.5,2.0,45.0,3.1,0.4,27,80,60,4,50,0.1,0.2,0.02,-,380,-,-,-,160,390,0.5,0.8,0,0.1,Tr,14,0.02,0.09,Tr,Tr,0.2,Tr,0.13,Tr
ヨーグルト,62,259,87.7,3.6,3.0,4.9,0.8,48,170,120,12,100,Tr,0.4,0.01,Tr,33,0,3,0,3,33,0,0.1,0,0,0,1,0.04,0.14,0.1,0.04,0.1,11,0.49,1
チーズ,339,1418,45.0,22.7,26.0,1.3,5.0,1100,60,630,19,730,0.3,3.2,0.08,-,240,-,-,-,230,260,Tr,1.1,0,0,0,2,0.03,0.38,0.1,0.01,3.2,27,0.14,0
プロセスチーズ,339,1418,45.0,22.7,26.0,1.3,5.0,1100,60,630,19,730,0.3,3.2,0.08,-,240,-,-,-,230,260,Tr,1.1,0,0,0,2,0.03,0.38,0.1,0.01,3.2,27,0.14,0
カマンベールチーズ,310,1297,51.8,19.1,24.7,0.9,3.5,800,120,460,20,330,0.2,2.8,0.02,0.01,230,-,-,-,140,240,0.2,0.9,0,0,0,1,0.03,0.48,0.7,0.08,1.3,47,0.49,0
ゴーダチーズ,380,1590,40.0,25.8,29.0,1.4,3.8,800,75,680,31,490,0.3,3.6,0.02,0.01,260,-,-,-,170,270,0,0.8,0,0,0,12,0.03,0.33,0.1,0.05,1.9,29,0.32,0
チェダーチーズ,423,1770,35.3,25.7,33.8,1.4,3.8,800,85,740,24,500,0.3,4.0,0.07,-,310,-,-,-,210,330,0,1.6,0,0,0,12,0.04,0.45,0.1,0.07,1.9,32,0.43,0
パルメザンチーズ,475,1987,15.4,44.0,30.8,1.9,7.9,1500,120,1300,55,850,0.4,7.3,0.15,-,230,-,-,-,120,240,0.2,0.8,0,0,0,15,0.05,0.68,0.1,0.05,2.5,10,0.50,0
アイスクリーム,212,887,61.3,3.5,12.0,22.4,0.8,80,160,130,14,110,0.1,0.5,0.01,-,100,-,-,-,45,100,0.1,0.2,0,Tr,0,5,0.06,0.18,0.1,0.03,0.4,Tr,0.72,Tr
アイスミルク,167,699,65.6,3.4,6.4,23.9,0.7,75,140,110,14,100,0.1,0.3,Tr,0.01,21,-,-,-,9,22,0.1,0.1,0,Tr,Tr,1,0.03,0.14,0.1,0.02,0.3,Tr,0.43,Tr
ラクトアイス,224,937,60.4,3.1,13.6,22.2,0.7,61,150,95,12,93,0.1,0.4,0.01,0.01,10,-,-,-,0,10,Tr,0.6,0,0.3,0.4,1,0.03,0.15,0.4,0.01,0.2,1,0.51,Tr
ソフトクリーム,146,611,69.6,3.8,5.6,20.1,0.9,65,190,130,14,110,0.1,0.4,Tr,0.01,17,-,-,-,9,18,0.1,0.2,Tr,Tr,Tr,2,0.05,0.22,0.1,0.01,0.2,Tr,0.58,0
オリーブ油,921,3853,0,0,100.0,0,0,Tr,0,Tr,0,0,0,0,0,0,0,0	,180,5,180,15,0,7.4,0.2,1.2,0.1,42,0,0,0,0,0,0,0,0
オリーブオイル,921,3853,0,0,100.0,0,0,Tr,0,Tr,0,0,0,0,0,0,0,0	,180,5,180,15,0,7.4,0.2,1.2,0.1,42,0,0,0,0,0,0,0,0
ごま油,921,3853,0,0,100.0,0,0,Tr,Tr,1,Tr,1,0.1,Tr,0.01,0,0,0,Tr,0,Tr,0,0,0.4,Tr,43.7,0.7,5,0,0,0.1,0,0,0,0,0
サフラワー油,921,3853,0,0,100.0,0,0,0,0,0,0,Tr,0,0,0,0,0,0,0,0,0,0,0,27.1,0.6,2.3,0.3,10,0,0,0,0,0,0,0,0
サラダ油,921,3853,0,0,100.0,0,0,0,0,0,0,Tr,0,0,0,0,0,0,0,0,0,0,0,27.1,0.6,2.3,0.3,10,0,0,0,0,0,0,0,0
大豆油,921,3853,0,0,100.0,0,0,0,Tr,0,0,0,0,0,0,0,0,0,0,0,0,0,0,10.4,2.0,80.9,20.8,210,0,0,0,0,0,0,0,0
とうもろこし油,921,3853,0,0,100.0,0,0,0,0,Tr,0,0,0,0,0,0,0,0,0,0,0,0,0,17.1,0.3,70.3,3.4,5,0,0,0,0,0,0,0,0
なたね油,921,3853,0,0,100.0,0,0,0,Tr,Tr,0,Tr,0,Tr,0,0,0,0,0,0,0,0,0,15.2,0.3,31.8,1.0,120,0,0,0,0,0,0,0,0
パーム油,921,3853,0,0,100.0,0,0,0,0,Tr,0,0,0,0,0,0,0,0,0,0,0,0,0,8.6,0.4,1.3,0.2,4,0,0,0,0,0,0,0,0
ひまわり油,921,3853,0,0,100.0,0,0,0,0,0,0,0,0,0,0,0,0,0,0,0,0,0,0,38.7,0.8,2.0,0.4,11,0,0,0,0,0,0,0,0
綿実油,921,3853,0,0,100.0,0,0,0,0,0,0,0,0,0,0,0,0,0,0,0,0,0,0,28.3,0.3,27.1,0.4,29,0,0,0,0,0,0,0,0
やし油,921,3853,0,0,100.0,0,0,0,0,Tr,0,0,0,Tr,0,0,0,0,0,0,0,0,0,0.3,0,0.2,Tr,Tr,0,0,0,0,0,0,0,0         
落花生油,921,3853,0,0,100.0,0,0,0,0,Tr,0,Tr,0,0,0,0,0,0,0,0,0,0,0,6.0,0.3,5.4,0.5,4,0,0,0,0,0,0,0,0
牛脂,940	,933,Tr,0.2,99.8,0,0,1,1,Tr,0,1,0.1,Tr,Tr,-,85,-,-,-,0,85,0,0.6,Tr,0.1,0.6,26,0,0,0,-,-,-,-,0
ラード,941,3937,0,0,100.0,0,0,0,0,0,0,0,0,Tr,Tr,-,0,-,-,-,0,0,0.2,0.3,Tr,0.1,Tr,7,0,0,0,-,-,-,-,0
有塩バター,745,3117,16.2,0.6,81.0,0.2,2.0,750,28,15,2,15,0.1,0.1,Tr,-,500,-,-,-,140,510,0.6,1.5,0,0.1,0,17,0.01,0.03,0,Tr,0.1,Tr,0.06,0
無塩バター,763,3192,15.8,0.5,83.0,0.2,0.5,11,22,14,2,18,0.4,0.1,0.01,0.01,780,-,-,-,140,790,0.7,1.4,0,0.1,0,24,0,0.03,Tr,Tr,0.1,1,0.08,0
バター,763,3192,15.8,0.5,83.0,0.2,0.5,11,22,14,2,18,0.4,0.1,0.01,0.01,780,-,-,-,140,790,0.7,1.4,0,0.1,0,24,0,0.03,Tr,Tr,0.1,1,0.08,0
ショート二ング,921,3853,Tr,0,100.0,0,0,0,0,0,Tr,0,0,0,0,0,0,-,-,-,0,0,0.1,9.5,0.1,12.4,5.0,6,0,0,0,0,0,0,0,0